room,period,section list,total students,A count,B count,C count,D count,A ratio,B ratio,C ratio,D ratio,max deviation,in compliance?
RoomNumber3,5,"['CourseNumber1']",26,8,5,7,6,0.3076923076923077,0.19230769230769232,0.2692307692307692,0.23076923076923078,0.05769230769230771,Yes
RoomNumber4,3,"['CourseNumber2']",26,9,6,4,7,0.34615384615384615,0.23076923076923078,0.15384615384615385,0.2692307692307692,0.09615384615384615,Yes
RoomNumber7,1,"['CourseNumber3', 'CourseNumber25', 'CourseNumber9', 'CourseNumber35', 'CourseNumber139', 'CourseNumber13', 'CourseNumber135']",313,83,75,79,76,0.26517571884984026,0.23961661341853036,0.2523961661341853,0.24281150159744408,0.015175718849840258,No
RoomNumber5,8,"['CourseNumber4']",17,6,7,1,3,0.35294117647058826,0.4117647058823529,0.058823529411764705,0.17647058823529413,0.16176470588235292,Yes
RoomNumber8,2,"['CourseNumber5']",28,8,6,7,7,0.2857142857142857,0.21428571428571427,0.25,0.25,0.0357142857142857,Yes
RoomNumber13,2,"['CourseNumber10']",27,8,6,7,6,0.2962962962962963,0.2222222222222222,0.25925925925925924,0.2222222222222222,0.04629629629629628,Yes
RoomNumber14,7,"['CourseNumber11']",26,6,7,8,5,0.23076923076923078,0.2692307692307692,0.3076923076923077,0.19230769230769232,0.05769230769230771,Yes
RoomNumber111,1,"['CourseNumber6']",165,39,48,41,37,0.23636363636363636,0.2909090909090909,0.24848484848484848,0.22424242424242424,0.040909090909090895,No
RoomNumber11,5,"['CourseNumber7']",24,8,5,7,4,0.3333333333333333,0.20833333333333334,0.2916666666666667,0.16666666666666666,0.08333333333333331,Yes
RoomNumber12,8,"['CourseNumber8']",28,8,7,7,6,0.2857142857142857,0.25,0.25,0.21428571428571427,0.0357142857142857,Yes
RoomNumber7,3,"['CourseNumber9', 'CourseNumber13', 'CourseNumber45', 'CourseNumber35', 'CourseNumber25']",299,84,79,73,63,0.2809364548494983,0.26421404682274247,0.24414715719063546,0.21070234113712374,0.030936454849498307,No
RoomNumber17,1,"['CourseNumber12']",24,7,7,7,3,0.2916666666666667,0.2916666666666667,0.2916666666666667,0.125,0.041666666666666685,Yes
RoomNumber18,8,"['CourseNumber14']",26,7,7,5,7,0.2692307692307692,0.2692307692307692,0.19230769230769232,0.2692307692307692,0.019230769230769218,Yes
RoomNumber19,4,"['CourseNumber15']",25,6,7,8,4,0.24,0.28,0.32,0.16,0.07,Yes
RoomNumber20,2,"['CourseNumber16']",32,10,4,6,12,0.3125,0.125,0.1875,0.375,0.125,No
RoomNumber27,8,"['CourseNumber10']",25,7,8,8,2,0.28,0.32,0.32,0.08,0.07,Yes
RoomNumber24,7,"['CourseNumber17']",20,7,1,4,8,0.35,0.05,0.2,0.4,0.15000000000000002,Yes
RoomNumber26,6,"['CourseNumber18']",14,3,6,3,2,0.21428571428571427,0.42857142857142855,0.21428571428571427,0.14285714285714285,0.17857142857142855,Yes
RoomNumber111,5,"['CourseNumber19']",23,4,9,6,4,0.17391304347826086,0.391304347826087,0.2608695652173913,0.17391304347826086,0.14130434782608697,Yes
RoomNumber25,4,"['CourseNumber7']",30,8,9,6,7,0.26666666666666666,0.3,0.2,0.23333333333333334,0.04999999999999999,No
RoomNumber7,2,"['CourseNumber9', 'CourseNumber84', 'CourseNumber35', 'CourseNumber134', 'CourseNumber135', 'CourseNumber173', 'CourseNumber192', 'CourseNumber203']",265,64,77,67,57,0.24150943396226415,0.29056603773584905,0.2528301886792453,0.21509433962264152,0.04056603773584905,No
RoomNumber31,8,"['CourseNumber12']",32,9,8,9,6,0.28125,0.25,0.28125,0.1875,0.03125,No
RoomNumber24,1,"['CourseNumber20', 'CourseNumber219']",19,4,6,4,5,0.21052631578947367,0.3157894736842105,0.21052631578947367,0.2631578947368421,0.06578947368421051,Yes
RoomNumber29,6,"['CourseNumber21']",27,8,9,6,4,0.2962962962962963,0.3333333333333333,0.2222222222222222,0.14814814814814814,0.08333333333333331,No
RoomNumber25,2,"['CourseNumber22']",17,4,8,2,3,0.23529411764705882,0.47058823529411764,0.11764705882352941,0.17647058823529413,0.22058823529411764,Yes
RoomNumber7,4,"['CourseNumber23', 'CourseNumber35', 'CourseNumber9', 'CourseNumber45', 'CourseNumber84', 'CourseNumber135', 'CourseNumber166', 'CourseNumber3']",392,88,95,102,107,0.22448979591836735,0.2423469387755102,0.2602040816326531,0.2729591836734694,0.022959183673469385,No
RoomNumber34,6,"['CourseNumber1']",26,7,6,9,4,0.2692307692307692,0.23076923076923078,0.34615384615384615,0.15384615384615385,0.09615384615384615,Yes
RoomNumber29,5,"['CourseNumber21']",27,7,7,6,7,0.25925925925925924,0.25925925925925924,0.2222222222222222,0.25925925925925924,0.009259259259259245,Yes
RoomNumber26,7,"['CourseNumber24']",29,6,8,8,7,0.20689655172413793,0.27586206896551724,0.27586206896551724,0.2413793103448276,0.025862068965517238,Yes
RoomNumber35,2,"['CourseNumber26']",32,9,9,5,9,0.28125,0.28125,0.15625,0.28125,0.03125,No
RoomNumber36,4,"['CourseNumber27']",30,6,6,11,7,0.2,0.2,0.36666666666666664,0.23333333333333334,0.11666666666666664,No
RoomNumber38,8,"['CourseNumber28', 'CourseNumber212']",17,1,7,6,3,0.058823529411764705,0.4117647058823529,0.35294117647058826,0.17647058823529413,0.16176470588235292,Yes
RoomNumber17,7,"['CourseNumber29']",24,8,5,5,6,0.3333333333333333,0.20833333333333334,0.20833333333333334,0.25,0.08333333333333331,Yes
RoomNumber7,5,"['CourseNumber30', 'CourseNumber25', 'CourseNumber9', 'CourseNumber13', 'CourseNumber35', 'CourseNumber179', 'CourseNumber135']",344,93,85,79,87,0.2703488372093023,0.24709302325581395,0.22965116279069767,0.25290697674418605,0.020348837209302306,No
RoomNumber18,3,"['CourseNumber31']",27,5,9,6,7,0.18518518518518517,0.3333333333333333,0.2222222222222222,0.25925925925925924,0.08333333333333331,Yes
RoomNumber39,4,"['CourseNumber32']",27,4,5,10,8,0.14814814814814814,0.18518518518518517,0.37037037037037035,0.2962962962962963,0.12037037037037035,No
RoomNumber15,8,"['CourseNumber33']",30,9,4,9,8,0.3,0.13333333333333333,0.3,0.26666666666666666,0.04999999999999999,No
RoomNumber40,1,"['CourseNumber34']",20,5,4,5,6,0.25,0.2,0.25,0.3,0.04999999999999999,Yes
RoomNumber8,3,"['CourseNumber36']",28,7,7,5,9,0.25,0.25,0.17857142857142858,0.32142857142857145,0.07142857142857145,Yes
RoomNumber41,5,"['CourseNumber37']",25,6,5,8,6,0.24,0.2,0.32,0.24,0.07,Yes
RoomNumber42,2,"['CourseNumber38']",21,3,6,9,3,0.14285714285714285,0.2857142857142857,0.42857142857142855,0.14285714285714285,0.17857142857142855,Yes
RoomNumber36,6,"['CourseNumber39']",22,6,7,5,4,0.2727272727272727,0.3181818181818182,0.22727272727272727,0.18181818181818182,0.06818181818181818,Yes
RoomNumber43,4,"['CourseNumber40']",26,5,6,3,12,0.19230769230769232,0.23076923076923078,0.11538461538461539,0.46153846153846156,0.21153846153846156,No
RoomNumber44,8,"['CourseNumber41', 'CourseNumber215']",28,11,8,2,7,0.39285714285714285,0.2857142857142857,0.07142857142857142,0.25,0.14285714285714285,No
RoomNumber45,1,"['CourseNumber42']",24,7,7,6,4,0.2916666666666667,0.2916666666666667,0.25,0.16666666666666666,0.041666666666666685,Yes
RoomNumber45,7,"['CourseNumber43']",17,5,4,4,4,0.29411764705882354,0.23529411764705882,0.23529411764705882,0.23529411764705882,0.04411764705882354,Yes
RoomNumber46,5,"['CourseNumber44']",53,15,12,14,12,0.2830188679245283,0.22641509433962265,0.2641509433962264,0.22641509433962265,0.033018867924528295,No
RoomNumber47,6,"['CourseNumber46']",21,6,7,3,5,0.2857142857142857,0.3333333333333333,0.14285714285714285,0.23809523809523808,0.08333333333333331,Yes
RoomNumber50,5,"['CourseNumber27']",29,3,5,10,11,0.10344827586206896,0.1724137931034483,0.3448275862068966,0.3793103448275862,0.1293103448275862,No
RoomNumber7,7,"['CourseNumber35', 'CourseNumber9', 'CourseNumber103', 'CourseNumber108', 'CourseNumber121', 'CourseNumber137', 'CourseNumber178', 'CourseNumber179', 'CourseNumber135']",251,61,63,69,58,0.24302788844621515,0.250996015936255,0.2749003984063745,0.23107569721115537,0.02490039840637448,No
RoomNumber48,3,"['CourseNumber47']",28,8,8,6,6,0.2857142857142857,0.2857142857142857,0.21428571428571427,0.21428571428571427,0.0357142857142857,No
RoomNumber26,1,"['CourseNumber48']",27,6,6,7,8,0.2222222222222222,0.2222222222222222,0.25925925925925924,0.2962962962962963,0.04629629629629628,Yes
RoomNumber49,2,"['CourseNumber49']",24,4,5,10,5,0.16666666666666666,0.20833333333333334,0.4166666666666667,0.20833333333333334,0.16666666666666669,No
RoomNumber52,4,"['CourseNumber37']",25,3,5,9,8,0.12,0.2,0.36,0.32,0.10999999999999999,No
RoomNumber53,2,"['CourseNumber38']",23,6,6,4,7,0.2608695652173913,0.2608695652173913,0.17391304347826086,0.30434782608695654,0.05434782608695654,Yes
RoomNumber51,8,"['CourseNumber50']",28,11,7,5,5,0.39285714285714285,0.25,0.17857142857142858,0.17857142857142858,0.14285714285714285,No
RoomNumber44,7,"['CourseNumber51']",31,9,8,5,9,0.2903225806451613,0.25806451612903225,0.16129032258064516,0.2903225806451613,0.04032258064516131,No
RoomNumber39,3,"['CourseNumber52', 'CourseNumber210']",28,8,6,6,8,0.2857142857142857,0.21428571428571427,0.21428571428571427,0.2857142857142857,0.0357142857142857,Yes
RoomNumber50,8,"['CourseNumber27']",30,4,8,9,9,0.13333333333333333,0.26666666666666666,0.3,0.3,0.04999999999999999,No
RoomNumber43,6,"['CourseNumber53']",25,4,7,10,4,0.16,0.28,0.4,0.16,0.15000000000000002,No
RoomNumber54,3,"['CourseNumber54']",38,10,3,14,11,0.2631578947368421,0.07894736842105263,0.3684210526315789,0.2894736842105263,0.11842105263157893,No
RoomNumber55,4,"['CourseNumber55']",26,8,7,6,5,0.3076923076923077,0.2692307692307692,0.23076923076923078,0.19230769230769232,0.05769230769230771,Yes
RoomNumber56,5,"['CourseNumber56']",31,6,9,7,9,0.1935483870967742,0.2903225806451613,0.22580645161290322,0.2903225806451613,0.04032258064516131,No
RoomNumber57,2,"['CourseNumber57']",27,7,6,8,6,0.25925925925925924,0.2222222222222222,0.2962962962962963,0.2222222222222222,0.04629629629629628,Yes
RoomNumber111,7,"['CourseNumber6', 'CourseNumber1']",147,41,40,44,22,0.2789115646258503,0.272108843537415,0.29931972789115646,0.14965986394557823,0.04931972789115646,No
RoomNumber57,4,"['CourseNumber10']",26,8,5,6,7,0.3076923076923077,0.19230769230769232,0.23076923076923078,0.2692307692307692,0.05769230769230771,Yes
RoomNumber17,8,"['CourseNumber48']",28,5,8,10,5,0.17857142857142858,0.2857142857142857,0.35714285714285715,0.17857142857142858,0.10714285714285715,No
RoomNumber6,6,"['CourseNumber58']",21,6,2,10,3,0.2857142857142857,0.09523809523809523,0.47619047619047616,0.14285714285714285,0.22619047619047616,No
RoomNumber58,5,"['CourseNumber59']",7,4,1,2,0,0.5714285714285714,0.14285714285714285,0.2857142857142857,0.0,0.3214285714285714,Yes
RoomNumber39,2,"['CourseNumber60']",22,6,3,7,6,0.2727272727272727,0.13636363636363635,0.3181818181818182,0.2727272727272727,0.06818181818181818,Yes
RoomNumber3,3,"['CourseNumber7']",24,5,8,7,4,0.20833333333333334,0.3333333333333333,0.2916666666666667,0.16666666666666666,0.08333333333333331,Yes
RoomNumber35,4,"['CourseNumber26']",31,10,7,9,5,0.3225806451612903,0.22580645161290322,0.2903225806451613,0.16129032258064516,0.07258064516129031,No
RoomNumber60,6,"['CourseNumber31']",26,8,7,6,5,0.3076923076923077,0.2692307692307692,0.23076923076923078,0.19230769230769232,0.05769230769230771,Yes
RoomNumber61,5,"['CourseNumber52']",25,4,6,7,8,0.16,0.24,0.28,0.32,0.07,Yes
RoomNumber5,3,"['CourseNumber61']",23,6,7,6,4,0.2608695652173913,0.30434782608695654,0.2608695652173913,0.17391304347826086,0.05434782608695654,Yes
RoomNumber59,2,"['CourseNumber62']",44,12,10,10,12,0.2727272727272727,0.22727272727272727,0.22727272727272727,0.2727272727272727,0.022727272727272707,No
RoomNumber62,3,"['CourseNumber63']",26,7,7,5,7,0.2692307692307692,0.2692307692307692,0.19230769230769232,0.2692307692307692,0.019230769230769218,Yes
RoomNumber59,1,"['CourseNumber64']",57,17,14,14,12,0.2982456140350877,0.24561403508771928,0.24561403508771928,0.21052631578947367,0.0482456140350877,No
RoomNumber7,8,"['CourseNumber9', 'CourseNumber13', 'CourseNumber35', 'CourseNumber135', 'CourseNumber23', 'CourseNumber172', 'CourseNumber45', 'CourseNumber3']",378,98,89,101,90,0.25925925925925924,0.23544973544973544,0.2671957671957672,0.23809523809523808,0.01719576719576721,No
RoomNumber16,2,"['CourseNumber53']",30,8,7,11,4,0.26666666666666666,0.23333333333333334,0.36666666666666664,0.13333333333333333,0.11666666666666664,No
RoomNumber55,3,"['CourseNumber55']",16,4,4,4,4,0.25,0.25,0.25,0.25,0.0,Yes
RoomNumber56,8,"['CourseNumber56']",32,7,9,10,6,0.21875,0.28125,0.3125,0.1875,0.0625,No
RoomNumber60,7,"['CourseNumber57']",24,5,6,8,5,0.20833333333333334,0.25,0.3333333333333333,0.20833333333333334,0.08333333333333331,Yes
RoomNumber111,6,"['CourseNumber6', 'CourseNumber233', 'CourseNumber141', 'CourseNumber221']",172,45,35,43,49,0.2616279069767442,0.20348837209302326,0.25,0.28488372093023256,0.034883720930232565,No
RoomNumber63,5,"['CourseNumber65']",21,8,4,5,4,0.38095238095238093,0.19047619047619047,0.23809523809523808,0.19047619047619047,0.13095238095238093,Yes
RoomNumber39,1,"['CourseNumber66']",22,7,5,7,3,0.3181818181818182,0.22727272727272727,0.3181818181818182,0.13636363636363635,0.06818181818181818,Yes
RoomNumber15,1,"['CourseNumber40']",22,9,6,2,5,0.4090909090909091,0.2727272727272727,0.09090909090909091,0.22727272727272727,0.15909090909090912,Yes
RoomNumber45,5,"['CourseNumber42']",23,7,7,6,3,0.30434782608695654,0.30434782608695654,0.2608695652173913,0.13043478260869565,0.05434782608695654,Yes
RoomNumber64,7,"['CourseNumber67', 'CourseNumber218']",18,3,3,5,7,0.16666666666666666,0.16666666666666666,0.2777777777777778,0.3888888888888889,0.1388888888888889,Yes
RoomNumber46,8,"['CourseNumber68']",62,14,16,15,17,0.22580645161290322,0.25806451612903225,0.24193548387096775,0.27419354838709675,0.024193548387096753,No
RoomNumber65,3,"['CourseNumber69']",19,6,5,3,5,0.3157894736842105,0.2631578947368421,0.15789473684210525,0.2631578947368421,0.06578947368421051,Yes
RoomNumber7,6,"['CourseNumber30', 'CourseNumber35', 'CourseNumber144', 'CourseNumber9', 'CourseNumber3', 'CourseNumber84', 'CourseNumber135']",285,67,78,73,67,0.23508771929824562,0.2736842105263158,0.256140350877193,0.23508771929824562,0.023684210526315808,No
RoomNumber67,2,"['CourseNumber43']",27,5,5,8,9,0.18518518518518517,0.18518518518518517,0.2962962962962963,0.3333333333333333,0.08333333333333331,No
RoomNumber66,7,"['CourseNumber70']",10,5,1,1,3,0.5,0.1,0.1,0.3,0.25,Yes
RoomNumber68,3,"['CourseNumber71']",23,8,2,8,5,0.34782608695652173,0.08695652173913043,0.34782608695652173,0.21739130434782608,0.09782608695652173,Yes
RoomNumber69,3,"['CourseNumber1']",26,8,7,5,6,0.3076923076923077,0.2692307692307692,0.19230769230769232,0.23076923076923078,0.05769230769230771,Yes
RoomNumber33,1,"['CourseNumber26']",31,8,6,5,12,0.25806451612903225,0.1935483870967742,0.16129032258064516,0.3870967741935484,0.13709677419354838,No
RoomNumber39,8,"['CourseNumber32']",30,7,5,6,12,0.23333333333333334,0.16666666666666666,0.2,0.4,0.15000000000000002,No
RoomNumber31,7,"['CourseNumber72']",24,5,7,5,7,0.20833333333333334,0.2916666666666667,0.20833333333333334,0.2916666666666667,0.041666666666666685,Yes
RoomNumber70,5,"['CourseNumber73']",25,8,6,7,4,0.32,0.24,0.28,0.16,0.07,Yes
RoomNumber72,2,"['CourseNumber48']",28,8,9,7,4,0.2857142857142857,0.32142857142857145,0.25,0.14285714285714285,0.07142857142857145,No
RoomNumber25,8,"['CourseNumber74']",26,6,8,5,7,0.23076923076923078,0.3076923076923077,0.19230769230769232,0.2692307692307692,0.05769230769230771,Yes
RoomNumber71,6,"['CourseNumber75']",21,5,7,6,3,0.23809523809523808,0.3333333333333333,0.2857142857142857,0.14285714285714285,0.08333333333333331,Yes
RoomNumber57,7,"['CourseNumber76']",25,9,6,4,6,0.36,0.24,0.16,0.24,0.10999999999999999,Yes
RoomNumber20,5,"['CourseNumber77']",24,8,5,5,6,0.3333333333333333,0.20833333333333334,0.20833333333333334,0.25,0.08333333333333331,Yes
RoomNumber73,4,"['CourseNumber78']",9,1,2,3,3,0.1111111111111111,0.2222222222222222,0.3333333333333333,0.3333333333333333,0.08333333333333331,Yes
RoomNumber73,8,"['CourseNumber79']",9,1,2,3,3,0.1111111111111111,0.2222222222222222,0.3333333333333333,0.3333333333333333,0.08333333333333331,Yes
RoomNumber74,3,"['CourseNumber80']",8,1,1,1,5,0.125,0.125,0.125,0.625,0.375,Yes
RoomNumber75,6,"['CourseNumber81']",7,0,2,2,3,0.0,0.2857142857142857,0.2857142857142857,0.42857142857142855,0.17857142857142855,Yes
RoomNumber76,1,"['CourseNumber82']",11,1,2,3,5,0.09090909090909091,0.18181818181818182,0.2727272727272727,0.45454545454545453,0.20454545454545453,Yes
RoomNumber77,2,"['CourseNumber72', 'CourseNumber87', 'CourseNumber84']",3,0,3,0,0,0.0,1.0,0.0,0.0,0.75,Yes
RoomNumber38,6,"['CourseNumber83', 'CourseNumber209', 'CourseNumber240']",13,3,4,2,4,0.23076923076923078,0.3076923076923077,0.15384615384615385,0.3076923076923077,0.05769230769230771,Yes
RoomNumber77,8,"['CourseNumber84']",4,0,3,0,1,0.0,0.75,0.0,0.25,0.5,Yes
RoomNumber49,5,"['CourseNumber85', 'CourseNumber164']",23,6,7,4,6,0.2608695652173913,0.30434782608695654,0.17391304347826086,0.2608695652173913,0.05434782608695654,Yes
RoomNumber77,3,"['CourseNumber86', 'CourseNumber89']",3,0,2,0,1,0.0,0.6666666666666666,0.0,0.3333333333333333,0.41666666666666663,Yes
RoomNumber77,4,"['CourseNumber87']",5,0,2,1,2,0.0,0.4,0.2,0.4,0.15000000000000002,Yes
RoomNumber79,6,"['CourseNumber24']",26,8,5,5,8,0.3076923076923077,0.19230769230769232,0.19230769230769232,0.3076923076923077,0.05769230769230771,Yes
RoomNumber78,4,"['CourseNumber88', 'CourseNumber213']",17,4,6,2,5,0.23529411764705882,0.35294117647058826,0.11764705882352941,0.29411764705882354,0.10294117647058826,Yes
RoomNumber21,3,"['CourseNumber89']",20,5,7,3,5,0.25,0.35,0.15,0.25,0.09999999999999998,Yes
RoomNumber31,5,"['CourseNumber72']",21,6,6,6,3,0.2857142857142857,0.2857142857142857,0.2857142857142857,0.14285714285714285,0.0357142857142857,Yes
RoomNumber10,7,"['CourseNumber90']",5,1,0,2,2,0.2,0.0,0.4,0.4,0.15000000000000002,Yes
RoomNumber54,6,"['CourseNumber91', 'CourseNumber92']",39,5,13,10,11,0.1282051282051282,0.3333333333333333,0.2564102564102564,0.28205128205128205,0.08333333333333331,No
RoomNumber54,2,"['CourseNumber92', 'CourseNumber91']",39,5,13,10,11,0.1282051282051282,0.3333333333333333,0.2564102564102564,0.28205128205128205,0.08333333333333331,No
RoomNumber5,5,"['CourseNumber4']",20,4,3,5,8,0.2,0.15,0.25,0.4,0.15000000000000002,Yes
RoomNumber16,7,"['CourseNumber40']",21,2,7,6,6,0.09523809523809523,0.3333333333333333,0.2857142857142857,0.2857142857142857,0.08333333333333331,Yes
RoomNumber111,4,"['CourseNumber93', 'CourseNumber189']",20,5,3,8,4,0.25,0.15,0.4,0.2,0.15000000000000002,Yes
RoomNumber3,1,"['CourseNumber1', 'CourseNumber33']",47,11,11,9,16,0.23404255319148937,0.23404255319148937,0.19148936170212766,0.3404255319148936,0.09042553191489361,No
RoomNumber41,3,"['CourseNumber37']",26,8,6,7,5,0.3076923076923077,0.23076923076923078,0.2692307692307692,0.19230769230769232,0.05769230769230771,Yes
RoomNumber70,4,"['CourseNumber73']",25,4,9,5,7,0.16,0.36,0.2,0.28,0.10999999999999999,Yes
RoomNumber17,2,"['CourseNumber94']",28,7,6,6,9,0.25,0.21428571428571427,0.21428571428571427,0.32142857142857145,0.07142857142857145,Yes
RoomNumber81,5,"['CourseNumber95']",29,9,6,7,7,0.3103448275862069,0.20689655172413793,0.2413793103448276,0.2413793103448276,0.060344827586206906,Yes
RoomNumber69,2,"['CourseNumber1']",26,8,3,9,6,0.3076923076923077,0.11538461538461539,0.34615384615384615,0.23076923076923078,0.09615384615384615,Yes
RoomNumber83,3,"['CourseNumber26']",31,12,3,7,9,0.3870967741935484,0.0967741935483871,0.22580645161290322,0.2903225806451613,0.13709677419354838,No
RoomNumber18,7,"['CourseNumber31']",27,7,4,6,10,0.25925925925925924,0.14814814814814814,0.2222222222222222,0.37037037037037035,0.12037037037037035,No
RoomNumber40,6,"['CourseNumber94']",21,8,6,2,5,0.38095238095238093,0.2857142857142857,0.09523809523809523,0.23809523809523808,0.13095238095238093,Yes
RoomNumber16,1,"['CourseNumber53']",28,6,8,5,9,0.21428571428571427,0.2857142857142857,0.17857142857142858,0.32142857142857145,0.07142857142857145,Yes
RoomNumber13,5,"['CourseNumber57']",28,8,5,10,5,0.2857142857142857,0.17857142857142858,0.35714285714285715,0.17857142857142858,0.10714285714285715,No
RoomNumber53,4,"['CourseNumber63']",27,6,9,8,4,0.2222222222222222,0.3333333333333333,0.2962962962962963,0.14814814814814814,0.08333333333333331,Yes
RoomNumber30,6,"['CourseNumber96']",22,6,6,10,0,0.2727272727272727,0.2727272727272727,0.45454545454545453,0.0,0.20454545454545453,No
RoomNumber87,1,"['CourseNumber16']",28,5,9,7,7,0.17857142857142858,0.32142857142857145,0.25,0.25,0.07142857142857145,Yes
RoomNumber85,8,"['CourseNumber34']",26,4,9,5,8,0.15384615384615385,0.34615384615384615,0.19230769230769232,0.3076923076923077,0.09615384615384615,Yes
RoomNumber29,3,"['CourseNumber97']",29,8,10,3,8,0.27586206896551724,0.3448275862068966,0.10344827586206896,0.27586206896551724,0.09482758620689657,No
RoomNumber86,5,"['CourseNumber98']",26,8,7,7,4,0.3076923076923077,0.2692307692307692,0.2692307692307692,0.15384615384615385,0.05769230769230771,Yes
RoomNumber84,7,"['CourseNumber53']",29,6,9,6,8,0.20689655172413793,0.3103448275862069,0.20689655172413793,0.27586206896551724,0.060344827586206906,Yes
RoomNumber13,4,"['CourseNumber57']",28,6,8,9,5,0.21428571428571427,0.2857142857142857,0.32142857142857145,0.17857142857142858,0.07142857142857145,Yes
RoomNumber63,2,"['CourseNumber65']",22,6,9,2,5,0.2727272727272727,0.4090909090909091,0.09090909090909091,0.22727272727272727,0.15909090909090912,Yes
RoomNumber40,8,"['CourseNumber94']",28,5,11,8,4,0.17857142857142858,0.39285714285714285,0.2857142857142857,0.14285714285714285,0.14285714285714285,No
RoomNumber88,5,"['CourseNumber99']",22,8,7,2,5,0.36363636363636365,0.3181818181818182,0.09090909090909091,0.22727272727272727,0.11363636363636365,Yes
RoomNumber89,6,"['CourseNumber100']",10,3,2,1,4,0.3,0.2,0.1,0.4,0.15000000000000002,Yes
RoomNumber89,2,"['CourseNumber101']",10,3,2,1,4,0.3,0.2,0.1,0.4,0.15000000000000002,Yes
RoomNumber90,1,"['CourseNumber102', 'CourseNumber221']",12,4,3,3,2,0.3333333333333333,0.25,0.25,0.16666666666666666,0.08333333333333331,Yes
RoomNumber47,8,"['CourseNumber104']",10,3,0,5,2,0.3,0.0,0.5,0.2,0.25,Yes
RoomNumber91,5,"['CourseNumber50']",32,11,6,10,5,0.34375,0.1875,0.3125,0.15625,0.09375,No
RoomNumber90,2,"['CourseNumber102']",14,2,3,1,8,0.14285714285714285,0.21428571428571427,0.07142857142857142,0.5714285714285714,0.3214285714285714,Yes
RoomNumber92,4,"['CourseNumber105']",4,1,1,1,1,0.25,0.25,0.25,0.25,0.0,Yes
RoomNumber89,1,"['CourseNumber106']",3,1,1,0,1,0.3333333333333333,0.3333333333333333,0.0,0.3333333333333333,0.08333333333333331,Yes
RoomNumber93,6,"['CourseNumber107']",3,1,1,0,1,0.3333333333333333,0.3333333333333333,0.0,0.3333333333333333,0.08333333333333331,Yes
RoomNumber111,3,"['CourseNumber6', 'CourseNumber163', 'CourseNumber233']",154,34,41,39,40,0.22077922077922077,0.2662337662337662,0.2532467532467532,0.2597402597402597,0.01623376623376621,No
RoomNumber41,7,"['CourseNumber37']",25,7,8,5,5,0.28,0.32,0.2,0.2,0.07,Yes
RoomNumber42,6,"['CourseNumber38']",23,5,5,8,5,0.21739130434782608,0.21739130434782608,0.34782608695652173,0.21739130434782608,0.09782608695652173,Yes
RoomNumber44,2,"['CourseNumber41', 'CourseNumber215']",28,3,9,9,7,0.10714285714285714,0.32142857142857145,0.32142857142857145,0.25,0.07142857142857145,No
RoomNumber34,3,"['CourseNumber1']",26,7,7,7,5,0.2692307692307692,0.2692307692307692,0.2692307692307692,0.19230769230769232,0.019230769230769218,Yes
RoomNumber94,2,"['CourseNumber109']",16,3,5,5,3,0.1875,0.3125,0.3125,0.1875,0.0625,Yes
RoomNumber95,4,"['CourseNumber39']",30,9,6,6,9,0.3,0.2,0.2,0.3,0.04999999999999999,Yes
RoomNumber84,4,"['CourseNumber33']",57,16,15,13,13,0.2807017543859649,0.2631578947368421,0.22807017543859648,0.22807017543859648,0.030701754385964897,No
RoomNumber40,5,"['CourseNumber34']",25,6,7,8,4,0.24,0.28,0.32,0.16,0.07,Yes
RoomNumber35,8,"['CourseNumber38']",25,5,6,8,6,0.2,0.24,0.32,0.24,0.07,Yes
RoomNumber81,6,"['CourseNumber39']",22,9,4,2,7,0.4090909090909091,0.18181818181818182,0.09090909090909091,0.3181818181818182,0.15909090909090912,Yes
RoomNumber44,1,"['CourseNumber41']",18,5,5,3,5,0.2777777777777778,0.2777777777777778,0.16666666666666666,0.2777777777777778,0.02777777777777779,Yes
RoomNumber50,4,"['CourseNumber110']",26,8,7,6,5,0.3076923076923077,0.2692307692307692,0.23076923076923078,0.19230769230769232,0.05769230769230771,Yes
RoomNumber48,2,"['CourseNumber33']",27,8,6,4,9,0.2962962962962963,0.2222222222222222,0.14814814814814814,0.3333333333333333,0.08333333333333331,Yes
RoomNumber85,7,"['CourseNumber34']",23,5,6,6,6,0.21739130434782608,0.2608695652173913,0.2608695652173913,0.2608695652173913,0.010869565217391297,Yes
RoomNumber79,2,"['CourseNumber24']",32,5,9,11,7,0.15625,0.28125,0.34375,0.21875,0.09375,No
RoomNumber35,5,"['CourseNumber26']",32,5,11,9,7,0.15625,0.34375,0.28125,0.21875,0.09375,No
RoomNumber52,7,"['CourseNumber31']",26,6,5,7,8,0.23076923076923078,0.19230769230769232,0.2692307692307692,0.3076923076923077,0.05769230769230771,Yes
RoomNumber95,5,"['CourseNumber39']",30,9,8,7,6,0.3,0.26666666666666666,0.23333333333333334,0.2,0.04999999999999999,No
RoomNumber43,7,"['CourseNumber47']",30,11,4,6,9,0.36666666666666664,0.13333333333333333,0.2,0.3,0.11666666666666664,No
RoomNumber26,8,"['CourseNumber48']",27,6,7,10,4,0.2222222222222222,0.25925925925925924,0.37037037037037035,0.14814814814814814,0.12037037037037035,No
RoomNumber49,1,"['CourseNumber49']",28,9,5,10,4,0.32142857142857145,0.17857142857142858,0.35714285714285715,0.14285714285714285,0.10714285714285715,No
RoomNumber28,2,"['CourseNumber96']",29,6,8,9,6,0.20689655172413793,0.27586206896551724,0.3103448275862069,0.20689655172413793,0.060344827586206906,Yes
RoomNumber51,6,"['CourseNumber111']",21,3,5,5,8,0.14285714285714285,0.23809523809523808,0.23809523809523808,0.38095238095238093,0.13095238095238093,Yes
RoomNumber83,1,"['CourseNumber112']",17,6,3,3,5,0.35294117647058826,0.17647058823529413,0.17647058823529413,0.29411764705882354,0.10294117647058826,Yes
RoomNumber59,6,"['CourseNumber113']",19,3,7,7,2,0.15789473684210525,0.3684210526315789,0.3684210526315789,0.10526315789473684,0.11842105263157893,Yes
RoomNumber79,4,"['CourseNumber48']",24,8,3,6,7,0.3333333333333333,0.125,0.25,0.2916666666666667,0.08333333333333331,Yes
RoomNumber43,3,"['CourseNumber53']",25,6,6,7,6,0.24,0.24,0.28,0.24,0.030000000000000027,Yes
RoomNumber39,5,"['CourseNumber66']",27,5,8,8,6,0.18518518518518517,0.2962962962962963,0.2962962962962963,0.2222222222222222,0.04629629629629628,Yes
RoomNumber90,7,"['CourseNumber102', 'CourseNumber221']",11,5,1,1,4,0.45454545454545453,0.09090909090909091,0.09090909090909091,0.36363636363636365,0.20454545454545453,Yes
RoomNumber71,3,"['CourseNumber75']",18,5,8,4,1,0.2777777777777778,0.4444444444444444,0.2222222222222222,0.05555555555555555,0.19444444444444442,Yes
RoomNumber93,7,"['CourseNumber27']",27,7,8,6,6,0.25925925925925924,0.2962962962962963,0.2222222222222222,0.2222222222222222,0.04629629629629628,Yes
RoomNumber63,6,"['CourseNumber65']",18,5,6,2,5,0.2777777777777778,0.3333333333333333,0.1111111111111111,0.2777777777777778,0.08333333333333331,Yes
RoomNumber51,5,"['CourseNumber114']",26,4,9,7,6,0.15384615384615385,0.34615384615384615,0.2692307692307692,0.23076923076923078,0.09615384615384615,Yes
RoomNumber96,2,"['CourseNumber47']",30,8,7,9,6,0.26666666666666666,0.23333333333333334,0.3,0.2,0.04999999999999999,Yes
RoomNumber49,7,"['CourseNumber85']",13,2,3,4,4,0.15384615384615385,0.23076923076923078,0.3076923076923077,0.3076923076923077,0.05769230769230771,Yes
RoomNumber88,4,"['CourseNumber99']",29,7,7,8,7,0.2413793103448276,0.2413793103448276,0.27586206896551724,0.2413793103448276,0.025862068965517238,Yes
RoomNumber99,7,"['CourseNumber115']",6,2,0,3,1,0.3333333333333333,0.0,0.5,0.16666666666666666,0.25,Yes
RoomNumber75,8,"['CourseNumber116', 'CourseNumber161', 'CourseNumber226']",14,4,3,5,2,0.2857142857142857,0.21428571428571427,0.35714285714285715,0.14285714285714285,0.10714285714285715,Yes
RoomNumber58,4,"['CourseNumber59']",13,5,2,2,4,0.38461538461538464,0.15384615384615385,0.15384615384615385,0.3076923076923077,0.13461538461538464,Yes
RoomNumber64,5,"['CourseNumber97']",29,6,9,7,7,0.20689655172413793,0.3103448275862069,0.2413793103448276,0.2413793103448276,0.060344827586206906,Yes
RoomNumber86,2,"['CourseNumber36']",28,9,6,4,9,0.32142857142857145,0.21428571428571427,0.14285714285714285,0.32142857142857145,0.07142857142857145,Yes
RoomNumber95,1,"['CourseNumber39']",29,10,9,7,3,0.3448275862068966,0.3103448275862069,0.2413793103448276,0.10344827586206896,0.09482758620689657,No
RoomNumber26,5,"['CourseNumber94']",25,7,6,6,6,0.28,0.24,0.24,0.24,0.030000000000000027,Yes
RoomNumber50,3,"['CourseNumber27']",26,8,7,6,5,0.3076923076923077,0.2692307692307692,0.23076923076923078,0.19230769230769232,0.05769230769230771,Yes
RoomNumber25,7,"['CourseNumber74']",24,7,3,7,7,0.2916666666666667,0.125,0.2916666666666667,0.2916666666666667,0.041666666666666685,Yes
RoomNumber57,8,"['CourseNumber76']",25,5,6,6,8,0.2,0.24,0.24,0.32,0.07,Yes
RoomNumber22,5,"['CourseNumber117']",21,3,4,9,5,0.14285714285714285,0.19047619047619047,0.42857142857142855,0.23809523809523808,0.17857142857142855,Yes
RoomNumber14,1,"['CourseNumber118']",29,6,8,10,5,0.20689655172413793,0.27586206896551724,0.3448275862068966,0.1724137931034483,0.09482758620689657,No
RoomNumber96,6,"['CourseNumber47']",30,8,7,6,9,0.26666666666666666,0.23333333333333334,0.2,0.3,0.04999999999999999,Yes
RoomNumber58,3,"['CourseNumber59']",12,1,2,5,4,0.08333333333333333,0.16666666666666666,0.4166666666666667,0.3333333333333333,0.16666666666666669,Yes
RoomNumber52,8,"['CourseNumber119']",19,6,5,4,4,0.3157894736842105,0.2631578947368421,0.21052631578947367,0.21052631578947367,0.06578947368421051,Yes
RoomNumber36,2,"['CourseNumber39']",28,10,6,8,4,0.35714285714285715,0.21428571428571427,0.2857142857142857,0.14285714285714285,0.10714285714285715,No
RoomNumber44,3,"['CourseNumber51']",32,7,11,10,4,0.21875,0.34375,0.3125,0.125,0.09375,No
RoomNumber66,4,"['CourseNumber70']",15,5,3,4,3,0.3333333333333333,0.2,0.26666666666666666,0.2,0.08333333333333331,Yes
RoomNumber27,5,"['CourseNumber10']",28,6,11,9,2,0.21428571428571427,0.39285714285714285,0.32142857142857145,0.07142857142857142,0.14285714285714285,No
RoomNumber111,8,"['CourseNumber19', 'CourseNumber181']",28,6,9,7,6,0.21428571428571427,0.32142857142857145,0.25,0.21428571428571427,0.07142857142857145,Yes
RoomNumber56,7,"['CourseNumber48']",25,4,7,6,8,0.16,0.28,0.24,0.32,0.07,Yes
RoomNumber3,2,"['CourseNumber7']",29,11,6,8,4,0.3793103448275862,0.20689655172413793,0.27586206896551724,0.13793103448275862,0.1293103448275862,No
RoomNumber22,6,"['CourseNumber120']",19,7,8,2,2,0.3684210526315789,0.42105263157894735,0.10526315789473684,0.10526315789473684,0.17105263157894735,Yes
RoomNumber67,4,"['CourseNumber24']",31,6,7,10,8,0.1935483870967742,0.22580645161290322,0.3225806451612903,0.25806451612903225,0.07258064516129031,No
RoomNumber51,4,"['CourseNumber111']",30,14,3,7,6,0.4666666666666667,0.1,0.23333333333333334,0.2,0.21666666666666667,No
RoomNumber36,3,"['CourseNumber39']",24,4,6,8,6,0.16666666666666666,0.25,0.3333333333333333,0.25,0.08333333333333331,Yes
RoomNumber100,8,"['CourseNumber5']",28,7,5,9,7,0.25,0.17857142857142858,0.32142857142857145,0.25,0.07142857142857145,No
RoomNumber55,8,"['CourseNumber55']",26,7,7,5,7,0.2692307692307692,0.2692307692307692,0.19230769230769232,0.2692307692307692,0.019230769230769218,Yes
RoomNumber56,2,"['CourseNumber63']",27,6,4,7,10,0.2222222222222222,0.14814814814814814,0.25925925925925924,0.37037037037037035,0.12037037037037035,No
RoomNumber39,7,"['CourseNumber66']",25,8,7,6,4,0.32,0.28,0.24,0.16,0.07,Yes
RoomNumber27,6,"['CourseNumber122']",28,9,7,6,6,0.32142857142857145,0.25,0.21428571428571427,0.21428571428571427,0.07142857142857145,No
RoomNumber40,2,"['CourseNumber34']",26,7,5,6,8,0.2692307692307692,0.19230769230769232,0.23076923076923078,0.3076923076923077,0.05769230769230771,Yes
RoomNumber48,8,"['CourseNumber61']",26,10,3,7,6,0.38461538461538464,0.11538461538461539,0.2692307692307692,0.23076923076923078,0.13461538461538464,No
RoomNumber72,1,"['CourseNumber73']",24,7,3,7,7,0.2916666666666667,0.125,0.2916666666666667,0.2916666666666667,0.041666666666666685,Yes
RoomNumber101,2,"['CourseNumber123', 'CourseNumber239', 'CourseNumber243']",19,5,5,5,4,0.2631578947368421,0.2631578947368421,0.2631578947368421,0.21052631578947367,0.01315789473684209,Yes
RoomNumber32,3,"['CourseNumber124']",28,6,7,7,8,0.21428571428571427,0.25,0.25,0.2857142857142857,0.0357142857142857,Yes
RoomNumber84,1,"['CourseNumber47']",28,3,9,11,5,0.10714285714285714,0.32142857142857145,0.39285714285714285,0.17857142857142858,0.14285714285714285,No
RoomNumber31,4,"['CourseNumber48']",24,8,4,9,3,0.3333333333333333,0.16666666666666666,0.375,0.125,0.125,Yes
RoomNumber68,7,"['CourseNumber49']",28,9,7,9,3,0.32142857142857145,0.25,0.32142857142857145,0.10714285714285714,0.07142857142857145,No
RoomNumber85,5,"['CourseNumber125']",20,4,6,4,6,0.2,0.3,0.2,0.3,0.04999999999999999,Yes
RoomNumber13,7,"['CourseNumber126']",27,7,10,6,4,0.25925925925925924,0.37037037037037035,0.2222222222222222,0.14814814814814814,0.12037037037037035,No
RoomNumber76,6,"['CourseNumber5']",25,5,6,9,5,0.2,0.24,0.36,0.2,0.10999999999999999,Yes
RoomNumber32,4,"['CourseNumber124']",28,8,7,7,6,0.2857142857142857,0.25,0.25,0.21428571428571427,0.0357142857142857,Yes
RoomNumber103,5,"['CourseNumber127', 'CourseNumber190', 'CourseNumber224']",30,9,7,5,9,0.3,0.23333333333333334,0.16666666666666666,0.3,0.04999999999999999,No
RoomNumber61,8,"['CourseNumber128']",14,5,4,2,3,0.35714285714285715,0.2857142857142857,0.14285714285714285,0.21428571428571427,0.10714285714285715,Yes
RoomNumber49,6,"['CourseNumber85']",15,3,7,2,3,0.2,0.4666666666666667,0.13333333333333333,0.2,0.21666666666666667,Yes
RoomNumber63,3,"['CourseNumber15']",25,4,7,6,8,0.16,0.28,0.24,0.32,0.07,Yes
RoomNumber60,2,"['CourseNumber57']",27,6,7,7,7,0.2222222222222222,0.25925925925925924,0.25925925925925924,0.25925925925925924,0.009259259259259245,Yes
RoomNumber94,8,"['CourseNumber129']",15,6,1,5,3,0.4,0.06666666666666667,0.3333333333333333,0.2,0.15000000000000002,Yes
RoomNumber21,6,"['CourseNumber16']",28,9,7,7,5,0.32142857142857145,0.25,0.25,0.17857142857142858,0.07142857142857145,No
RoomNumber96,3,"['CourseNumber40']",20,4,7,6,3,0.2,0.35,0.3,0.15,0.09999999999999998,Yes
RoomNumber64,1,"['CourseNumber67']",13,4,4,3,2,0.3076923076923077,0.3076923076923077,0.23076923076923078,0.15384615384615385,0.05769230769230771,Yes
RoomNumber18,6,"['CourseNumber130']",14,4,3,4,3,0.2857142857142857,0.21428571428571427,0.2857142857142857,0.21428571428571427,0.0357142857142857,Yes
RoomNumber45,8,"['CourseNumber43']",26,7,4,8,7,0.2692307692307692,0.15384615384615385,0.3076923076923077,0.2692307692307692,0.05769230769230771,Yes
RoomNumber72,5,"['CourseNumber73']",23,8,3,8,4,0.34782608695652173,0.13043478260869565,0.34782608695652173,0.17391304347826086,0.09782608695652173,Yes
RoomNumber36,7,"['CourseNumber95']",27,7,4,8,8,0.25925925925925924,0.14814814814814814,0.2962962962962963,0.2962962962962963,0.04629629629629628,No
RoomNumber102,5,"['CourseNumber131']",20,7,5,4,4,0.35,0.25,0.2,0.2,0.09999999999999998,Yes
RoomNumber104,1,"['CourseNumber132']",10,4,2,3,1,0.4,0.2,0.3,0.1,0.15000000000000002,Yes
RoomNumber60,8,"['CourseNumber133']",17,4,5,5,3,0.23529411764705882,0.29411764705882354,0.29411764705882354,0.17647058823529413,0.04411764705882354,Yes
RoomNumber67,3,"['CourseNumber18', 'CourseNumber182']",30,8,10,9,3,0.26666666666666666,0.3333333333333333,0.3,0.1,0.08333333333333331,No
RoomNumber27,1,"['CourseNumber122']",28,9,5,6,8,0.32142857142857145,0.17857142857142858,0.21428571428571427,0.2857142857142857,0.07142857142857145,Yes
RoomNumber94,4,"['CourseNumber129']",15,5,1,4,5,0.3333333333333333,0.06666666666666667,0.26666666666666666,0.3333333333333333,0.08333333333333331,Yes
RoomNumber97,5,"['CourseNumber16']",33,8,9,10,6,0.24242424242424243,0.2727272727272727,0.30303030303030304,0.18181818181818182,0.05303030303030304,No
RoomNumber85,3,"['CourseNumber42']",20,6,6,4,4,0.3,0.3,0.2,0.2,0.04999999999999999,Yes
RoomNumber72,6,"['CourseNumber73']",23,5,6,5,7,0.21739130434782608,0.2608695652173913,0.21739130434782608,0.30434782608695654,0.05434782608695654,Yes
RoomNumber29,4,"['CourseNumber136']",19,5,6,4,4,0.2631578947368421,0.3157894736842105,0.21052631578947367,0.21052631578947367,0.06578947368421051,Yes
RoomNumber64,2,"['CourseNumber97']",30,7,8,9,6,0.23333333333333334,0.26666666666666666,0.3,0.2,0.04999999999999999,Yes
RoomNumber28,8,"['CourseNumber138']",19,5,4,4,6,0.2631578947368421,0.21052631578947367,0.21052631578947367,0.3157894736842105,0.06578947368421051,Yes
RoomNumber17,5,"['CourseNumber29']",28,7,8,7,6,0.25,0.2857142857142857,0.25,0.21428571428571427,0.0357142857142857,Yes
RoomNumber11,4,"['CourseNumber1']",26,6,8,8,4,0.23076923076923078,0.3076923076923077,0.3076923076923077,0.15384615384615385,0.05769230769230771,Yes
RoomNumber41,6,"['CourseNumber37']",26,6,9,5,6,0.23076923076923078,0.34615384615384615,0.19230769230769232,0.23076923076923078,0.09615384615384615,Yes
RoomNumber42,7,"['CourseNumber38']",23,5,9,5,4,0.21739130434782608,0.391304347826087,0.21739130434782608,0.17391304347826086,0.14130434782608697,Yes
RoomNumber105,4,"['CourseNumber140']",7,2,2,2,1,0.2857142857142857,0.2857142857142857,0.2857142857142857,0.14285714285714285,0.0357142857142857,Yes
RoomNumber99,5,"['CourseNumber141']",6,2,0,2,2,0.3333333333333333,0.0,0.3333333333333333,0.3333333333333333,0.08333333333333331,Yes
RoomNumber93,8,"['CourseNumber27']",28,9,5,8,6,0.32142857142857145,0.17857142857142858,0.2857142857142857,0.21428571428571427,0.07142857142857145,Yes
RoomNumber58,2,"['CourseNumber59']",15,7,4,3,1,0.4666666666666667,0.26666666666666666,0.2,0.06666666666666667,0.21666666666666667,Yes
RoomNumber81,8,"['CourseNumber69']",22,2,9,3,8,0.09090909090909091,0.4090909090909091,0.13636363636363635,0.36363636363636365,0.15909090909090912,Yes
RoomNumber14,6,"['CourseNumber142']",24,1,8,8,7,0.041666666666666664,0.3333333333333333,0.3333333333333333,0.2916666666666667,0.08333333333333331,Yes
RoomNumber106,2,"['CourseNumber143']",18,7,7,2,2,0.3888888888888889,0.3888888888888889,0.1111111111111111,0.1111111111111111,0.1388888888888889,Yes
RoomNumber69,6,"['CourseNumber33']",27,6,6,9,6,0.2222222222222222,0.2222222222222222,0.3333333333333333,0.2222222222222222,0.08333333333333331,Yes
RoomNumber86,4,"['CourseNumber36']",28,5,9,8,6,0.17857142857142858,0.32142857142857145,0.2857142857142857,0.21428571428571427,0.07142857142857145,Yes
RoomNumber35,1,"['CourseNumber38']",25,9,5,5,6,0.36,0.2,0.2,0.24,0.10999999999999999,Yes
RoomNumber65,7,"['CourseNumber39']",30,7,8,7,8,0.23333333333333334,0.26666666666666666,0.23333333333333334,0.26666666666666666,0.016666666666666663,Yes
RoomNumber22,2,"['CourseNumber120']",19,5,5,3,6,0.2631578947368421,0.2631578947368421,0.15789473684210525,0.3157894736842105,0.06578947368421051,Yes
RoomNumber4,4,"['CourseNumber43']",26,7,6,5,8,0.2692307692307692,0.23076923076923078,0.19230769230769232,0.3076923076923077,0.05769230769230771,Yes
RoomNumber13,6,"['CourseNumber10']",24,4,10,6,4,0.16666666666666666,0.4166666666666667,0.25,0.16666666666666666,0.16666666666666669,No
RoomNumber88,2,"['CourseNumber27']",28,8,6,5,9,0.2857142857142857,0.21428571428571427,0.17857142857142858,0.32142857142857145,0.07142857142857145,Yes
RoomNumber12,5,"['CourseNumber48']",27,10,9,3,5,0.37037037037037035,0.3333333333333333,0.1111111111111111,0.18518518518518517,0.12037037037037035,No
RoomNumber96,1,"['CourseNumber7']",23,8,6,6,3,0.34782608695652173,0.2608695652173913,0.2608695652173913,0.13043478260869565,0.09782608695652173,Yes
RoomNumber83,5,"['CourseNumber112']",20,6,3,5,6,0.3,0.15,0.25,0.3,0.04999999999999999,Yes
RoomNumber5,4,"['CourseNumber47']",30,8,7,8,7,0.26666666666666666,0.23333333333333334,0.26666666666666666,0.23333333333333334,0.016666666666666663,Yes
RoomNumber76,8,"['CourseNumber5']",28,7,7,6,8,0.25,0.25,0.21428571428571427,0.2857142857142857,0.0357142857142857,Yes
RoomNumber55,7,"['CourseNumber55']",21,5,5,4,7,0.23809523809523808,0.23809523809523808,0.19047619047619047,0.3333333333333333,0.08333333333333331,Yes
RoomNumber46,2,"['CourseNumber62']",13,8,1,1,3,0.6153846153846154,0.07692307692307693,0.07692307692307693,0.23076923076923078,0.3653846153846154,Yes
RoomNumber26,3,"['CourseNumber94']",23,8,7,2,6,0.34782608695652173,0.30434782608695654,0.08695652173913043,0.2608695652173913,0.09782608695652173,Yes
RoomNumber86,6,"['CourseNumber36']",28,11,9,6,2,0.39285714285714285,0.32142857142857145,0.21428571428571427,0.07142857142857142,0.14285714285714285,No
RoomNumber65,5,"['CourseNumber39']",30,7,7,8,8,0.23333333333333334,0.23333333333333334,0.26666666666666666,0.26666666666666666,0.016666666666666663,No
RoomNumber26,4,"['CourseNumber94']",23,4,8,5,6,0.17391304347826086,0.34782608695652173,0.21739130434782608,0.2608695652173913,0.09782608695652173,Yes
RoomNumber62,2,"['CourseNumber56']",32,8,7,10,7,0.25,0.21875,0.3125,0.21875,0.0625,No
RoomNumber57,6,"['CourseNumber57']",25,7,7,4,7,0.28,0.28,0.16,0.28,0.030000000000000027,Yes
RoomNumber19,8,"['CourseNumber145']",25,4,7,10,4,0.16,0.28,0.4,0.16,0.15000000000000002,No
RoomNumber56,3,"['CourseNumber56']",28,6,6,10,6,0.21428571428571427,0.21428571428571427,0.35714285714285715,0.21428571428571427,0.10714285714285715,No
RoomNumber84,8,"['CourseNumber40']",26,7,9,8,2,0.2692307692307692,0.34615384615384615,0.3076923076923077,0.07692307692307693,0.09615384615384615,No
RoomNumber26,2,"['CourseNumber42', 'CourseNumber48']",52,15,13,12,12,0.28846153846153844,0.25,0.23076923076923078,0.23076923076923078,0.038461538461538436,No
RoomNumber68,5,"['CourseNumber71']",24,3,9,7,5,0.125,0.375,0.2916666666666667,0.20833333333333334,0.125,Yes
RoomNumber57,5,"['CourseNumber76']",25,5,6,6,8,0.2,0.24,0.24,0.32,0.07,Yes
RoomNumber20,8,"['CourseNumber77']",24,8,4,5,7,0.3333333333333333,0.16666666666666666,0.20833333333333334,0.2916666666666667,0.08333333333333331,Yes
RoomNumber91,4,"['CourseNumber8']",26,8,6,6,6,0.3076923076923077,0.23076923076923078,0.23076923076923078,0.23076923076923078,0.05769230769230771,Yes
RoomNumber106,4,"['CourseNumber146', 'CourseNumber201']",22,3,4,7,8,0.13636363636363635,0.18181818181818182,0.3181818181818182,0.36363636363636365,0.11363636363636365,Yes
RoomNumber111,2,"['CourseNumber147']",16,5,3,3,5,0.3125,0.1875,0.1875,0.3125,0.0625,Yes
RoomNumber90,4,"['CourseNumber102']",13,2,3,5,3,0.15384615384615385,0.23076923076923078,0.38461538461538464,0.23076923076923078,0.13461538461538464,Yes
RoomNumber92,6,"['CourseNumber148']",12,3,2,4,3,0.25,0.16666666666666666,0.3333333333333333,0.25,0.08333333333333331,Yes
RoomNumber92,2,"['CourseNumber149']",12,3,2,4,3,0.25,0.16666666666666666,0.3333333333333333,0.25,0.08333333333333331,Yes
RoomNumber36,5,"['CourseNumber27']",28,6,7,7,8,0.21428571428571427,0.25,0.25,0.2857142857142857,0.0357142857142857,Yes
RoomNumber6,8,"['CourseNumber58']",30,9,7,10,4,0.3,0.23333333333333334,0.3333333333333333,0.13333333333333333,0.08333333333333331,No
RoomNumber47,7,"['CourseNumber46']",15,2,1,6,6,0.13333333333333333,0.06666666666666667,0.4,0.4,0.15000000000000002,Yes
RoomNumber12,7,"['CourseNumber150']",19,7,2,6,4,0.3684210526315789,0.10526315789473684,0.3157894736842105,0.21052631578947367,0.11842105263157893,Yes
RoomNumber65,8,"['CourseNumber39']",30,9,8,10,3,0.3,0.26666666666666666,0.3333333333333333,0.1,0.08333333333333331,No
RoomNumber28,3,"['CourseNumber96']",27,6,6,7,8,0.2222222222222222,0.2222222222222222,0.25925925925925924,0.2962962962962963,0.04629629629629628,Yes
RoomNumber68,8,"['CourseNumber71']",26,8,3,7,8,0.3076923076923077,0.11538461538461539,0.2692307692307692,0.3076923076923077,0.05769230769230771,Yes
RoomNumber73,3,"['CourseNumber151', 'CourseNumber230']",13,1,5,3,4,0.07692307692307693,0.38461538461538464,0.23076923076923078,0.3076923076923077,0.13461538461538464,Yes
RoomNumber73,7,"['CourseNumber152', 'CourseNumber231']",13,1,5,3,4,0.07692307692307693,0.38461538461538464,0.23076923076923078,0.3076923076923077,0.13461538461538464,Yes
RoomNumber99,1,"['CourseNumber153']",7,0,3,2,2,0.0,0.42857142857142855,0.2857142857142857,0.2857142857142857,0.17857142857142855,Yes
RoomNumber74,4,"['CourseNumber154']",7,0,3,2,2,0.0,0.42857142857142855,0.2857142857142857,0.2857142857142857,0.17857142857142855,Yes
RoomNumber75,5,"['CourseNumber155', 'CourseNumber226', 'CourseNumber116']",15,2,3,4,6,0.13333333333333333,0.2,0.26666666666666666,0.4,0.15000000000000002,Yes
RoomNumber14,5,"['CourseNumber11']",29,8,7,5,9,0.27586206896551724,0.2413793103448276,0.1724137931034483,0.3103448275862069,0.060344827586206906,Yes
RoomNumber67,8,"['CourseNumber53']",30,6,5,9,10,0.2,0.16666666666666666,0.3,0.3333333333333333,0.08333333333333331,No
RoomNumber21,2,"['CourseNumber15']",28,6,7,11,4,0.21428571428571427,0.25,0.39285714285714285,0.14285714285714285,0.14285714285714285,No
RoomNumber59,7,"['CourseNumber156']",33,8,9,7,9,0.24242424242424243,0.2727272727272727,0.21212121212121213,0.2727272727272727,0.022727272727272707,No
RoomNumber30,4,"['CourseNumber96']",32,6,9,8,9,0.1875,0.28125,0.25,0.28125,0.03125,No
RoomNumber91,1,"['CourseNumber111']",30,7,8,7,8,0.23333333333333334,0.26666666666666666,0.23333333333333334,0.26666666666666666,0.016666666666666663,Yes
RoomNumber43,5,"['CourseNumber47']",30,6,4,10,10,0.2,0.13333333333333333,0.3333333333333333,0.3333333333333333,0.08333333333333331,No
RoomNumber91,6,"['CourseNumber48']",27,6,5,8,8,0.2222222222222222,0.18518518518518517,0.2962962962962963,0.2962962962962963,0.04629629629629628,No
RoomNumber20,7,"['CourseNumber77']",26,3,9,5,9,0.11538461538461539,0.34615384615384615,0.19230769230769232,0.34615384615384615,0.09615384615384615,Yes
RoomNumber93,2,"['CourseNumber99']",28,5,10,7,6,0.17857142857142858,0.35714285714285715,0.25,0.21428571428571427,0.10714285714285715,No
RoomNumber52,2,"['CourseNumber31']",27,6,2,10,9,0.2222222222222222,0.07407407407407407,0.37037037037037035,0.3333333333333333,0.12037037037037035,No
RoomNumber54,7,"['CourseNumber91', 'CourseNumber92']",38,10,11,11,6,0.2631578947368421,0.2894736842105263,0.2894736842105263,0.15789473684210525,0.03947368421052633,No
RoomNumber54,5,"['CourseNumber92', 'CourseNumber91']",38,10,11,11,6,0.2631578947368421,0.2894736842105263,0.2894736842105263,0.15789473684210525,0.03947368421052633,No
RoomNumber11,3,"['CourseNumber33']",29,10,4,11,4,0.3448275862068966,0.13793103448275862,0.3793103448275862,0.13793103448275862,0.1293103448275862,No
RoomNumber55,1,"['CourseNumber55']",25,9,5,6,5,0.36,0.2,0.24,0.2,0.10999999999999999,Yes
RoomNumber27,4,"['CourseNumber122']",28,11,7,4,6,0.39285714285714285,0.25,0.14285714285714285,0.21428571428571427,0.14285714285714285,No
RoomNumber11,1,"['CourseNumber61']",25,6,7,6,6,0.24,0.28,0.24,0.24,0.030000000000000027,Yes
RoomNumber25,5,"['CourseNumber74']",25,6,7,4,8,0.24,0.28,0.16,0.32,0.07,Yes
RoomNumber31,1,"['CourseNumber157']",31,8,10,7,6,0.25806451612903225,0.3225806451612903,0.22580645161290322,0.1935483870967742,0.07258064516129031,No
RoomNumber87,4,"['CourseNumber16']",32,10,8,7,7,0.3125,0.25,0.21875,0.21875,0.0625,No
RoomNumber66,5,"['CourseNumber70']",9,2,1,3,3,0.2222222222222222,0.1111111111111111,0.3333333333333333,0.3333333333333333,0.08333333333333331,Yes
RoomNumber72,7,"['CourseNumber73']",23,4,7,5,7,0.17391304347826086,0.30434782608695654,0.21739130434782608,0.30434782608695654,0.05434782608695654,Yes
RoomNumber59,4,"['CourseNumber158']",27,7,8,8,4,0.25925925925925924,0.2962962962962963,0.2962962962962963,0.14814814814814814,0.04629629629629628,Yes
RoomNumber62,6,"['CourseNumber56']",32,4,10,9,9,0.125,0.3125,0.28125,0.28125,0.0625,No
RoomNumber48,5,"['CourseNumber40']",25,6,4,8,7,0.24,0.16,0.32,0.28,0.07,Yes
RoomNumber66,8,"['CourseNumber70', 'CourseNumber244']",10,3,1,3,3,0.3,0.1,0.3,0.3,0.04999999999999999,Yes
RoomNumber102,3,"['CourseNumber61']",26,7,6,4,9,0.2692307692307692,0.23076923076923078,0.15384615384615385,0.34615384615384615,0.09615384615384615,Yes
RoomNumber51,2,"['CourseNumber50']",32,7,7,9,9,0.21875,0.21875,0.28125,0.28125,0.03125,No
RoomNumber36,8,"['CourseNumber95']",29,7,7,7,8,0.2413793103448276,0.2413793103448276,0.2413793103448276,0.27586206896551724,0.025862068965517238,Yes
RoomNumber16,8,"['CourseNumber1']",26,6,6,5,9,0.23076923076923078,0.23076923076923078,0.19230769230769232,0.34615384615384615,0.09615384615384615,Yes
RoomNumber53,5,"['CourseNumber38']",25,8,3,6,8,0.32,0.12,0.24,0.32,0.07,Yes
RoomNumber85,4,"['CourseNumber42']",25,9,4,6,6,0.36,0.16,0.24,0.24,0.10999999999999999,Yes
RoomNumber91,2,"['CourseNumber12']",30,4,13,11,2,0.13333333333333333,0.43333333333333335,0.36666666666666664,0.06666666666666667,0.18333333333333335,No
RoomNumber14,4,"['CourseNumber159']",26,9,2,6,9,0.34615384615384615,0.07692307692307693,0.23076923076923078,0.34615384615384615,0.09615384615384615,Yes
RoomNumber8,7,"['CourseNumber5']",28,10,5,8,5,0.35714285714285715,0.17857142857142858,0.2857142857142857,0.17857142857142858,0.10714285714285715,No
RoomNumber69,1,"['CourseNumber22']",25,6,7,8,4,0.24,0.28,0.32,0.16,0.07,Yes
RoomNumber57,3,"['CourseNumber10']",26,7,5,7,7,0.2692307692307692,0.19230769230769232,0.2692307692307692,0.2692307692307692,0.019230769230769218,Yes
RoomNumber98,2,"['CourseNumber160']",3,0,0,1,2,0.0,0.0,0.3333333333333333,0.6666666666666666,0.41666666666666663,Yes
RoomNumber77,5,"['CourseNumber72', 'CourseNumber89']",5,0,2,1,2,0.0,0.4,0.2,0.4,0.15000000000000002,Yes
RoomNumber77,6,"['CourseNumber84']",1,0,0,0,1,0.0,0.0,0.0,1.0,0.75,Yes
RoomNumber88,3,"['CourseNumber27']",26,5,8,9,4,0.19230769230769232,0.3076923076923077,0.34615384615384615,0.15384615384615385,0.09615384615384615,Yes
RoomNumber37,8,"['CourseNumber7']",29,7,8,6,8,0.2413793103448276,0.27586206896551724,0.20689655172413793,0.27586206896551724,0.025862068965517238,Yes
RoomNumber99,4,"['CourseNumber141']",8,2,3,3,0,0.25,0.375,0.375,0.0,0.125,Yes
RoomNumber37,6,"['CourseNumber162']",9,3,3,0,3,0.3333333333333333,0.3333333333333333,0.0,0.3333333333333333,0.08333333333333331,Yes
RoomNumber58,8,"['CourseNumber59']",16,3,3,5,5,0.1875,0.1875,0.3125,0.3125,0.0625,Yes
RoomNumber62,1,"['CourseNumber114', 'CourseNumber193']",28,7,8,4,9,0.25,0.2857142857142857,0.14285714285714285,0.32142857142857145,0.07142857142857145,Yes
RoomNumber37,5,"['CourseNumber162']",14,3,2,3,6,0.21428571428571427,0.14285714285714285,0.21428571428571427,0.42857142857142855,0.17857142857142855,Yes
RoomNumber25,3,"['CourseNumber165']",11,1,1,0,9,0.09090909090909091,0.09090909090909091,0.0,0.8181818181818182,0.5681818181818182,Yes
RoomNumber42,5,"['CourseNumber15']",28,8,7,9,4,0.2857142857142857,0.25,0.32142857142857145,0.14285714285714285,0.07142857142857145,Yes
RoomNumber71,1,"['CourseNumber75']",20,7,3,8,2,0.35,0.15,0.4,0.1,0.15000000000000002,Yes
RoomNumber21,8,"['CourseNumber16']",32,5,13,10,4,0.15625,0.40625,0.3125,0.125,0.15625,No
RoomNumber105,7,"['CourseNumber167', 'CourseNumber199']",7,3,2,0,2,0.42857142857142855,0.2857142857142857,0.0,0.2857142857142857,0.17857142857142855,Yes
RoomNumber23,1,"['CourseNumber168']",22,2,10,5,5,0.09090909090909091,0.45454545454545453,0.22727272727272727,0.22727272727272727,0.20454545454545453,No
RoomNumber78,7,"['CourseNumber169']",20,2,10,5,3,0.1,0.5,0.25,0.15,0.25,No
RoomNumber107,5,"['CourseNumber47']",30,7,7,12,4,0.23333333333333334,0.23333333333333334,0.4,0.13333333333333333,0.15000000000000002,No
RoomNumber80,2,"['CourseNumber49']",28,6,10,8,4,0.21428571428571427,0.35714285714285715,0.2857142857142857,0.14285714285714285,0.10714285714285715,No
RoomNumber55,6,"['CourseNumber55']",20,4,2,6,8,0.2,0.1,0.3,0.4,0.15000000000000002,Yes
RoomNumber21,1,"['CourseNumber16']",25,6,11,3,5,0.24,0.44,0.12,0.2,0.19,No
RoomNumber94,3,"['CourseNumber170']",19,3,6,5,5,0.15789473684210525,0.3157894736842105,0.2631578947368421,0.2631578947368421,0.06578947368421051,Yes
RoomNumber18,4,"['CourseNumber31']",28,7,6,9,6,0.25,0.21428571428571427,0.32142857142857145,0.21428571428571427,0.07142857142857145,Yes
RoomNumber102,7,"['CourseNumber1']",26,8,7,5,6,0.3076923076923077,0.2692307692307692,0.19230769230769232,0.23076923076923078,0.05769230769230771,Yes
RoomNumber18,5,"['CourseNumber31']",25,9,6,3,7,0.36,0.24,0.12,0.28,0.10999999999999999,Yes
RoomNumber31,6,"['CourseNumber43']",20,5,5,7,3,0.25,0.25,0.35,0.15,0.09999999999999998,Yes
RoomNumber70,3,"['CourseNumber73']",24,6,3,5,10,0.25,0.125,0.20833333333333334,0.4166666666666667,0.16666666666666669,No
RoomNumber50,2,"['CourseNumber95']",30,8,9,6,7,0.26666666666666666,0.3,0.2,0.23333333333333334,0.04999999999999999,No
RoomNumber8,1,"['CourseNumber36']",28,3,9,7,9,0.10714285714285714,0.32142857142857145,0.25,0.32142857142857145,0.07142857142857145,No
RoomNumber81,2,"['CourseNumber39']",28,7,8,8,5,0.25,0.2857142857142857,0.2857142857142857,0.17857142857142858,0.0357142857142857,Yes
RoomNumber40,7,"['CourseNumber94']",24,5,4,6,9,0.20833333333333334,0.16666666666666666,0.25,0.375,0.125,Yes
RoomNumber24,5,"['CourseNumber17']",12,2,4,4,2,0.16666666666666666,0.3333333333333333,0.3333333333333333,0.16666666666666666,0.08333333333333331,Yes
RoomNumber67,1,"['CourseNumber8']",15,4,5,5,1,0.26666666666666666,0.3333333333333333,0.3333333333333333,0.06666666666666667,0.08333333333333331,Yes
RoomNumber64,4,"['CourseNumber67', 'CourseNumber218']",29,10,7,9,3,0.3448275862068966,0.2413793103448276,0.3103448275862069,0.10344827586206896,0.09482758620689657,No
RoomNumber106,3,"['CourseNumber171']",24,7,7,6,4,0.2916666666666667,0.2916666666666667,0.25,0.16666666666666666,0.041666666666666685,Yes
RoomNumber69,5,"['CourseNumber7']",26,6,7,7,6,0.23076923076923078,0.2692307692307692,0.2692307692307692,0.23076923076923078,0.019230769230769218,Yes
RoomNumber35,6,"['CourseNumber26']",26,7,6,7,6,0.2692307692307692,0.23076923076923078,0.2692307692307692,0.23076923076923078,0.019230769230769218,Yes
RoomNumber51,1,"['CourseNumber50']",30,6,6,10,8,0.2,0.2,0.3333333333333333,0.26666666666666666,0.08333333333333331,No
RoomNumber76,3,"['CourseNumber5']",27,5,7,8,7,0.18518518518518517,0.25925925925925924,0.2962962962962963,0.25925925925925924,0.04629629629629628,Yes
RoomNumber108,1,"['CourseNumber174']",21,6,7,4,4,0.2857142857142857,0.3333333333333333,0.19047619047619047,0.19047619047619047,0.08333333333333331,Yes
RoomNumber79,8,"['CourseNumber24']",32,8,5,7,12,0.25,0.15625,0.21875,0.375,0.125,No
RoomNumber43,2,"['CourseNumber40']",26,5,4,11,6,0.19230769230769232,0.15384615384615385,0.4230769230769231,0.23076923076923078,0.17307692307692307,No
RoomNumber47,5,"['CourseNumber46']",22,7,7,3,5,0.3181818181818182,0.3181818181818182,0.13636363636363635,0.22727272727272727,0.06818181818181818,Yes
RoomNumber71,7,"['CourseNumber175']",23,4,4,9,6,0.17391304347826086,0.17391304347826086,0.391304347826087,0.2608695652173913,0.14130434782608697,Yes
RoomNumber79,3,"['CourseNumber72']",21,7,4,5,5,0.3333333333333333,0.19047619047619047,0.23809523809523808,0.23809523809523808,0.08333333333333331,Yes
RoomNumber85,6,"['CourseNumber50']",24,6,6,4,8,0.25,0.25,0.16666666666666666,0.3333333333333333,0.08333333333333331,Yes
RoomNumber11,7,"['CourseNumber7']",27,5,7,6,9,0.18518518518518517,0.25925925925925924,0.2222222222222222,0.3333333333333333,0.08333333333333331,Yes
RoomNumber89,8,"['CourseNumber100']",12,4,1,1,6,0.3333333333333333,0.08333333333333333,0.08333333333333333,0.5,0.25,Yes
RoomNumber89,5,"['CourseNumber101']",11,4,1,1,5,0.36363636363636365,0.09090909090909091,0.09090909090909091,0.45454545454545453,0.20454545454545453,Yes
RoomNumber20,3,"['CourseNumber176']",26,8,4,5,9,0.3076923076923077,0.15384615384615385,0.19230769230769232,0.34615384615384615,0.09615384615384615,Yes
RoomNumber59,8,"['CourseNumber177']",11,0,5,2,4,0.0,0.45454545454545453,0.18181818181818182,0.36363636363636365,0.20454545454545453,Yes
RoomNumber15,5,"['CourseNumber61']",26,7,4,9,6,0.2692307692307692,0.15384615384615385,0.34615384615384615,0.23076923076923078,0.09615384615384615,Yes
RoomNumber97,2,"['CourseNumber73']",26,8,5,5,8,0.3076923076923077,0.19230769230769232,0.19230769230769232,0.3076923076923077,0.05769230769230771,Yes
RoomNumber105,6,"['CourseNumber81', 'CourseNumber202']",6,1,3,0,2,0.16666666666666666,0.5,0.0,0.3333333333333333,0.25,Yes
RoomNumber33,5,"['CourseNumber26']",31,7,10,5,9,0.22580645161290322,0.3225806451612903,0.16129032258064516,0.2903225806451613,0.07258064516129031,No
RoomNumber72,4,"['CourseNumber73']",24,6,8,5,5,0.25,0.3333333333333333,0.20833333333333334,0.20833333333333334,0.08333333333333331,Yes
RoomNumber100,1,"['CourseNumber5']",27,5,5,8,9,0.18518518518518517,0.18518518518518517,0.2962962962962963,0.3333333333333333,0.08333333333333331,No
RoomNumber104,2,"['CourseNumber132']",15,2,3,3,7,0.13333333333333333,0.2,0.2,0.4666666666666667,0.21666666666666667,Yes
RoomNumber60,4,"['CourseNumber180', 'CourseNumber133']",23,3,7,7,6,0.13043478260869565,0.30434782608695654,0.30434782608695654,0.2608695652173913,0.05434782608695654,Yes
RoomNumber73,6,"['CourseNumber183']",9,2,2,2,3,0.2222222222222222,0.2222222222222222,0.2222222222222222,0.3333333333333333,0.08333333333333331,Yes
RoomNumber61,7,"['CourseNumber184']",22,6,4,8,4,0.2727272727272727,0.18181818181818182,0.36363636363636365,0.18181818181818182,0.11363636363636365,Yes
RoomNumber104,7,"['CourseNumber132']",15,4,3,7,1,0.26666666666666666,0.2,0.4666666666666667,0.06666666666666667,0.21666666666666667,Yes
RoomNumber75,2,"['CourseNumber81', 'CourseNumber199']",8,1,3,3,1,0.125,0.375,0.375,0.125,0.125,Yes
RoomNumber78,6,"['CourseNumber185']",17,2,5,4,6,0.11764705882352941,0.29411764705882354,0.23529411764705882,0.35294117647058826,0.10294117647058826,Yes
RoomNumber93,5,"['CourseNumber27']",29,4,6,11,8,0.13793103448275862,0.20689655172413793,0.3793103448275862,0.27586206896551724,0.1293103448275862,No
RoomNumber70,6,"['CourseNumber73']",22,6,5,6,5,0.2727272727272727,0.22727272727272727,0.2727272727272727,0.22727272727272727,0.022727272727272707,Yes
RoomNumber81,7,"['CourseNumber95']",27,4,8,8,7,0.14814814814814814,0.2962962962962963,0.2962962962962963,0.25925925925925924,0.04629629629629628,Yes
RoomNumber57,1,"['CourseNumber10']",27,10,6,5,6,0.37037037037037035,0.2222222222222222,0.18518518518518517,0.2222222222222222,0.12037037037037035,No
RoomNumber4,7,"['CourseNumber48']",24,7,5,6,6,0.2916666666666667,0.20833333333333334,0.25,0.25,0.041666666666666685,Yes
RoomNumber62,8,"['CourseNumber63']",27,6,8,6,7,0.2222222222222222,0.2962962962962963,0.2222222222222222,0.25925925925925924,0.04629629629629628,Yes
RoomNumber97,8,"['CourseNumber73']",25,8,3,8,6,0.32,0.12,0.32,0.24,0.07,Yes
RoomNumber71,5,"['CourseNumber175']",19,3,4,7,5,0.15789473684210525,0.21052631578947367,0.3684210526315789,0.2631578947368421,0.11842105263157893,Yes
RoomNumber79,7,"['CourseNumber50']",30,14,5,5,6,0.4666666666666667,0.16666666666666666,0.16666666666666666,0.2,0.21666666666666667,No
RoomNumber4,5,"['CourseNumber43']",24,5,8,4,7,0.20833333333333334,0.3333333333333333,0.16666666666666666,0.2916666666666667,0.08333333333333331,Yes
RoomNumber67,5,"['CourseNumber111']",32,11,11,6,4,0.34375,0.34375,0.1875,0.125,0.09375,No
RoomNumber11,2,"['CourseNumber33']",27,6,8,8,5,0.2222222222222222,0.2962962962962963,0.2962962962962963,0.18518518518518517,0.04629629629629628,Yes
RoomNumber23,5,"['CourseNumber186', 'CourseNumber241']",13,4,3,3,3,0.3076923076923077,0.23076923076923078,0.23076923076923078,0.23076923076923078,0.05769230769230771,Yes
RoomNumber37,4,"['CourseNumber187']",21,7,4,5,5,0.3333333333333333,0.19047619047619047,0.23809523809523808,0.23809523809523808,0.08333333333333331,Yes
RoomNumber71,2,"['CourseNumber75']",24,4,9,4,7,0.16666666666666666,0.375,0.16666666666666666,0.2916666666666667,0.125,Yes
RoomNumber53,6,"['CourseNumber86', 'CourseNumber222']",19,1,5,8,5,0.05263157894736842,0.2631578947368421,0.42105263157894735,0.2631578947368421,0.17105263157894735,Yes
RoomNumber95,6,"['CourseNumber188']",14,1,4,3,6,0.07142857142857142,0.2857142857142857,0.21428571428571427,0.42857142857142855,0.17857142857142855,Yes
RoomNumber99,8,"['CourseNumber141']",5,2,0,0,3,0.4,0.0,0.0,0.6,0.35,Yes
RoomNumber18,1,"['CourseNumber31']",28,5,12,6,5,0.17857142857142858,0.42857142857142855,0.21428571428571427,0.17857142857142858,0.17857142857142855,No
RoomNumber91,8,"['CourseNumber111']",32,7,7,9,9,0.21875,0.21875,0.28125,0.28125,0.03125,No
RoomNumber36,1,"['CourseNumber27']",30,7,7,8,8,0.23333333333333334,0.23333333333333334,0.26666666666666666,0.26666666666666666,0.016666666666666663,No
RoomNumber100,5,"['CourseNumber5']",27,6,8,7,6,0.2222222222222222,0.2962962962962963,0.25925925925925924,0.2222222222222222,0.04629629629629628,Yes
RoomNumber64,3,"['CourseNumber97']",28,7,5,8,8,0.25,0.17857142857142858,0.2857142857142857,0.2857142857142857,0.0357142857142857,No
RoomNumber44,4,"['CourseNumber41', 'CourseNumber215']",23,8,6,6,3,0.34782608695652173,0.2608695652173913,0.2608695652173913,0.13043478260869565,0.09782608695652173,Yes
RoomNumber27,3,"['CourseNumber122']",26,6,5,7,8,0.23076923076923078,0.19230769230769232,0.2692307692307692,0.3076923076923077,0.05769230769230771,Yes
RoomNumber15,4,"['CourseNumber40']",25,6,7,5,7,0.24,0.28,0.2,0.28,0.030000000000000027,Yes
RoomNumber83,8,"['CourseNumber26']",32,10,4,9,9,0.3125,0.125,0.28125,0.28125,0.0625,No
RoomNumber45,4,"['CourseNumber50']",28,8,5,8,7,0.2857142857142857,0.17857142857142858,0.2857142857142857,0.25,0.0357142857142857,Yes
RoomNumber5,2,"['CourseNumber61']",26,7,4,7,8,0.2692307692307692,0.15384615384615385,0.2692307692307692,0.3076923076923077,0.05769230769230771,Yes
RoomNumber70,7,"['CourseNumber73']",22,3,8,4,7,0.13636363636363635,0.36363636363636365,0.18181818181818182,0.3181818181818182,0.11363636363636365,Yes
RoomNumber50,1,"['CourseNumber95']",27,9,3,10,5,0.3333333333333333,0.1111111111111111,0.37037037037037035,0.18518518518518517,0.12037037037037035,No
RoomNumber105,2,"['CourseNumber140']",7,0,3,2,2,0.0,0.42857142857142855,0.2857142857142857,0.2857142857142857,0.17857142857142855,Yes
RoomNumber109,7,"['CourseNumber191']",7,1,1,3,2,0.14285714285714285,0.14285714285714285,0.42857142857142855,0.2857142857142857,0.17857142857142855,Yes
RoomNumber72,8,"['CourseNumber73']",25,6,7,7,5,0.24,0.28,0.28,0.2,0.030000000000000027,Yes
RoomNumber8,4,"['CourseNumber5']",28,5,9,8,6,0.17857142857142858,0.32142857142857145,0.2857142857142857,0.21428571428571427,0.07142857142857145,Yes
RoomNumber91,7,"['CourseNumber12']",29,4,9,8,8,0.13793103448275862,0.3103448275862069,0.27586206896551724,0.27586206896551724,0.060344827586206906,No
RoomNumber55,5,"['CourseNumber55']",25,7,6,4,8,0.28,0.24,0.16,0.32,0.07,Yes
RoomNumber22,4,"['CourseNumber120', 'CourseNumber207']",24,6,4,7,7,0.25,0.16666666666666666,0.2916666666666667,0.2916666666666667,0.041666666666666685,Yes
RoomNumber104,8,"['CourseNumber132']",12,5,3,3,1,0.4166666666666667,0.25,0.25,0.08333333333333333,0.16666666666666669,Yes
RoomNumber64,6,"['CourseNumber97']",24,4,5,8,7,0.16666666666666666,0.20833333333333334,0.3333333333333333,0.2916666666666667,0.08333333333333331,Yes
RoomNumber4,8,"['CourseNumber42']",26,6,5,8,7,0.23076923076923078,0.19230769230769232,0.3076923076923077,0.2692307692307692,0.05769230769230771,Yes
RoomNumber65,2,"['CourseNumber69']",25,9,4,6,6,0.36,0.16,0.24,0.24,0.10999999999999999,Yes
RoomNumber86,7,"['CourseNumber98']",26,5,7,8,6,0.19230769230769232,0.2692307692307692,0.3076923076923077,0.23076923076923078,0.05769230769230771,Yes
RoomNumber76,5,"['CourseNumber5']",27,1,9,10,7,0.037037037037037035,0.3333333333333333,0.37037037037037035,0.25925925925925924,0.12037037037037035,No
RoomNumber93,4,"['CourseNumber27']",30,6,9,10,5,0.2,0.3,0.3333333333333333,0.16666666666666666,0.08333333333333331,No
RoomNumber27,2,"['CourseNumber10']",28,7,7,6,8,0.25,0.25,0.21428571428571427,0.2857142857142857,0.0357142857142857,Yes
RoomNumber88,1,"['CourseNumber27']",29,8,8,8,5,0.27586206896551724,0.27586206896551724,0.27586206896551724,0.1724137931034483,0.025862068965517238,No
RoomNumber3,4,"['CourseNumber1']",26,7,5,5,9,0.2692307692307692,0.19230769230769232,0.19230769230769232,0.34615384615384615,0.09615384615384615,Yes
RoomNumber29,1,"['CourseNumber21']",28,6,9,9,4,0.21428571428571427,0.32142857142857145,0.32142857142857145,0.14285714285714285,0.07142857142857145,Yes
RoomNumber31,3,"['CourseNumber48']",24,6,6,8,4,0.25,0.25,0.3333333333333333,0.16666666666666666,0.08333333333333331,Yes
RoomNumber106,5,"['CourseNumber146', 'CourseNumber201']",22,7,7,6,2,0.3181818181818182,0.3181818181818182,0.2727272727272727,0.09090909090909091,0.06818181818181818,Yes
RoomNumber37,3,"['CourseNumber162']",12,5,4,2,1,0.4166666666666667,0.3333333333333333,0.16666666666666666,0.08333333333333333,0.16666666666666669,Yes
RoomNumber96,8,"['CourseNumber165']",19,6,6,5,2,0.3157894736842105,0.3157894736842105,0.2631578947368421,0.10526315789473684,0.06578947368421051,Yes
RoomNumber24,6,"['CourseNumber17']",17,8,3,6,0,0.47058823529411764,0.17647058823529413,0.35294117647058826,0.0,0.22058823529411764,Yes
RoomNumber17,4,"['CourseNumber157']",32,9,9,9,5,0.28125,0.28125,0.28125,0.15625,0.03125,No
RoomNumber59,3,"['CourseNumber194']",31,7,7,8,9,0.22580645161290322,0.22580645161290322,0.25806451612903225,0.2903225806451613,0.04032258064516131,No
RoomNumber29,2,"['CourseNumber195', 'CourseNumber247']",15,3,4,2,6,0.2,0.26666666666666666,0.13333333333333333,0.4,0.15000000000000002,Yes
RoomNumber13,8,"['CourseNumber57']",28,6,8,6,8,0.21428571428571427,0.2857142857142857,0.21428571428571427,0.2857142857142857,0.0357142857142857,Yes
RoomNumber63,4,"['CourseNumber65']",24,3,8,6,7,0.125,0.3333333333333333,0.25,0.2916666666666667,0.08333333333333331,Yes
RoomNumber102,6,"['CourseNumber61']",26,5,8,7,6,0.19230769230769232,0.3076923076923077,0.2692307692307692,0.23076923076923078,0.05769230769230771,Yes
RoomNumber84,5,"['CourseNumber53']",28,5,9,9,5,0.17857142857142858,0.32142857142857145,0.32142857142857145,0.17857142857142858,0.07142857142857145,Yes
RoomNumber46,1,"['CourseNumber64']",14,3,3,2,6,0.21428571428571427,0.21428571428571427,0.14285714285714285,0.42857142857142855,0.17857142857142855,Yes
RoomNumber60,1,"['CourseNumber57']",24,5,7,6,6,0.20833333333333334,0.2916666666666667,0.25,0.25,0.041666666666666685,Yes
RoomNumber108,6,"['CourseNumber196']",12,3,5,2,2,0.25,0.4166666666666667,0.16666666666666666,0.16666666666666666,0.16666666666666669,Yes
RoomNumber69,4,"['CourseNumber47']",30,6,11,6,7,0.2,0.36666666666666664,0.2,0.23333333333333334,0.11666666666666664,No
RoomNumber6,5,"['CourseNumber1']",26,5,8,6,7,0.19230769230769232,0.3076923076923077,0.23076923076923078,0.2692307692307692,0.05769230769230771,Yes
RoomNumber100,4,"['CourseNumber5']",28,8,6,5,9,0.2857142857142857,0.21428571428571427,0.17857142857142858,0.32142857142857145,0.07142857142857145,Yes
RoomNumber16,4,"['CourseNumber53']",30,10,7,9,4,0.3333333333333333,0.23333333333333334,0.3,0.13333333333333333,0.08333333333333331,No
RoomNumber38,5,"['CourseNumber197', 'CourseNumber83', 'CourseNumber209', 'CourseNumber246']",19,4,4,4,7,0.21052631578947367,0.21052631578947367,0.21052631578947367,0.3684210526315789,0.11842105263157893,Yes
RoomNumber109,6,"['CourseNumber140']",6,3,1,1,1,0.5,0.16666666666666666,0.16666666666666666,0.16666666666666666,0.25,Yes
RoomNumber59,5,"['CourseNumber198', 'CourseNumber217']",39,11,8,9,11,0.28205128205128205,0.20512820512820512,0.23076923076923078,0.28205128205128205,0.03205128205128205,No
RoomNumber86,8,"['CourseNumber36']",28,9,5,6,8,0.32142857142857145,0.17857142857142858,0.21428571428571427,0.2857142857142857,0.07142857142857145,Yes
RoomNumber55,2,"['CourseNumber55']",25,6,4,7,8,0.24,0.16,0.28,0.32,0.07,Yes
RoomNumber28,5,"['CourseNumber138']",18,4,4,6,4,0.2222222222222222,0.2222222222222222,0.3333333333333333,0.2222222222222222,0.08333333333333331,Yes
RoomNumber8,8,"['CourseNumber5']",28,6,11,7,4,0.21428571428571427,0.39285714285714285,0.25,0.14285714285714285,0.14285714285714285,No
RoomNumber49,4,"['CourseNumber49']",25,7,6,5,7,0.28,0.24,0.2,0.28,0.030000000000000027,Yes
RoomNumber6,2,"['CourseNumber58']",21,7,5,7,2,0.3333333333333333,0.23809523809523808,0.3333333333333333,0.09523809523809523,0.08333333333333331,Yes
RoomNumber58,6,"['CourseNumber59']",9,0,3,3,3,0.0,0.3333333333333333,0.3333333333333333,0.3333333333333333,0.08333333333333331,Yes
RoomNumber19,7,"['CourseNumber96']",24,7,4,5,8,0.2916666666666667,0.16666666666666666,0.20833333333333334,0.3333333333333333,0.08333333333333331,Yes
RoomNumber45,3,"['CourseNumber200']",21,6,4,4,7,0.2857142857142857,0.19047619047619047,0.19047619047619047,0.3333333333333333,0.08333333333333331,Yes
RoomNumber83,2,"['CourseNumber26']",31,11,5,9,6,0.3548387096774194,0.16129032258064516,0.2903225806451613,0.1935483870967742,0.10483870967741937,No
RoomNumber67,6,"['CourseNumber111']",22,4,7,4,7,0.18181818181818182,0.3181818181818182,0.18181818181818182,0.3181818181818182,0.06818181818181818,Yes
RoomNumber18,2,"['CourseNumber130']",18,2,7,4,5,0.1111111111111111,0.3888888888888889,0.2222222222222222,0.2777777777777778,0.1388888888888889,Yes
RoomNumber17,6,"['CourseNumber157']",25,8,6,4,7,0.32,0.24,0.16,0.28,0.07,Yes
RoomNumber41,8,"['CourseNumber31']",28,9,6,4,9,0.32142857142857145,0.21428571428571427,0.14285714285714285,0.32142857142857145,0.07142857142857145,Yes
RoomNumber75,1,"['CourseNumber202', 'CourseNumber167']",7,2,1,3,1,0.2857142857142857,0.14285714285714285,0.42857142857142855,0.14285714285714285,0.17857142857142855,Yes
RoomNumber13,1,"['CourseNumber126']",20,6,4,5,5,0.3,0.2,0.25,0.25,0.04999999999999999,Yes
RoomNumber23,8,"['CourseNumber186', 'CourseNumber241']",15,3,4,6,2,0.2,0.26666666666666666,0.4,0.13333333333333333,0.15000000000000002,Yes
RoomNumber84,2,"['CourseNumber7']",28,7,10,7,4,0.25,0.35714285714285715,0.25,0.14285714285714285,0.10714285714285715,No
RoomNumber12,4,"['CourseNumber12']",31,4,9,9,9,0.12903225806451613,0.2903225806451613,0.2903225806451613,0.2903225806451613,0.04032258064516131,No
RoomNumber79,5,"['CourseNumber24']",31,10,6,8,7,0.3225806451612903,0.1935483870967742,0.25806451612903225,0.22580645161290322,0.07258064516129031,No
RoomNumber61,2,"['CourseNumber27']",29,6,8,7,8,0.20689655172413793,0.27586206896551724,0.2413793103448276,0.27586206896551724,0.025862068965517238,Yes
RoomNumber44,5,"['CourseNumber41', 'CourseNumber215']",24,8,6,5,5,0.3333333333333333,0.25,0.20833333333333334,0.20833333333333334,0.08333333333333331,Yes
RoomNumber64,8,"['CourseNumber67', 'CourseNumber218']",24,4,9,6,5,0.16666666666666666,0.375,0.25,0.20833333333333334,0.125,Yes
RoomNumber66,1,"['CourseNumber70']",7,1,2,3,1,0.14285714285714285,0.2857142857142857,0.42857142857142855,0.14285714285714285,0.17857142857142855,Yes
RoomNumber14,3,"['CourseNumber204', 'CourseNumber216']",25,7,8,2,8,0.28,0.32,0.08,0.32,0.07,Yes
RoomNumber34,4,"['CourseNumber33']",28,5,8,6,9,0.17857142857142858,0.2857142857142857,0.21428571428571427,0.32142857142857145,0.07142857142857145,Yes
RoomNumber34,5,"['CourseNumber33']",29,9,10,6,4,0.3103448275862069,0.3448275862068966,0.20689655172413793,0.13793103448275862,0.09482758620689657,No
RoomNumber79,1,"['CourseNumber24']",26,7,8,7,4,0.2692307692307692,0.3076923076923077,0.2692307692307692,0.15384615384615385,0.05769230769230771,Yes
RoomNumber76,2,"['CourseNumber5']",28,9,5,8,6,0.32142857142857145,0.17857142857142858,0.2857142857142857,0.21428571428571427,0.07142857142857145,Yes
RoomNumber103,7,"['CourseNumber190', 'CourseNumber127', 'CourseNumber224']",17,3,4,6,4,0.17647058823529413,0.23529411764705882,0.35294117647058826,0.23529411764705882,0.10294117647058826,Yes
RoomNumber66,3,"['CourseNumber205', 'CourseNumber70', 'CourseNumber244']",22,6,5,7,4,0.2727272727272727,0.22727272727272727,0.3181818181818182,0.18181818181818182,0.06818181818181818,Yes
RoomNumber71,8,"['CourseNumber75']",24,5,5,4,10,0.20833333333333334,0.20833333333333334,0.16666666666666666,0.4166666666666667,0.16666666666666669,No
RoomNumber45,2,"['CourseNumber50']",32,7,7,6,12,0.21875,0.21875,0.1875,0.375,0.125,No
RoomNumber4,2,"['CourseNumber111']",27,5,4,11,7,0.18518518518518517,0.14814814814814814,0.4074074074074074,0.25925925925925924,0.15740740740740738,No
RoomNumber22,8,"['CourseNumber206']",14,1,4,4,5,0.07142857142857142,0.2857142857142857,0.2857142857142857,0.35714285714285715,0.10714285714285715,Yes
RoomNumber103,3,"['CourseNumber127']",12,5,2,3,2,0.4166666666666667,0.16666666666666666,0.25,0.16666666666666666,0.16666666666666669,Yes
RoomNumber51,7,"['CourseNumber208']",5,0,3,1,1,0.0,0.6,0.2,0.2,0.35,Yes
RoomNumber83,6,"['CourseNumber15']",26,7,8,8,3,0.2692307692307692,0.3076923076923077,0.3076923076923077,0.11538461538461539,0.05769230769230771,Yes
RoomNumber42,3,"['CourseNumber38']",24,4,6,7,7,0.16666666666666666,0.25,0.2916666666666667,0.2916666666666667,0.041666666666666685,Yes
RoomNumber52,6,"['CourseNumber119']",24,2,9,6,7,0.08333333333333333,0.375,0.25,0.2916666666666667,0.125,Yes
RoomNumber48,6,"['CourseNumber47']",30,5,8,10,7,0.16666666666666666,0.26666666666666666,0.3333333333333333,0.23333333333333334,0.08333333333333331,No
RoomNumber49,8,"['CourseNumber49']",28,9,9,6,4,0.32142857142857145,0.32142857142857145,0.21428571428571427,0.14285714285714285,0.07142857142857145,No
RoomNumber80,8,"['CourseNumber49']",27,9,5,7,6,0.3333333333333333,0.18518518518518517,0.25925925925925924,0.2222222222222222,0.08333333333333331,Yes
RoomNumber29,8,"['CourseNumber136']",17,2,7,3,5,0.11764705882352941,0.4117647058823529,0.17647058823529413,0.29411764705882354,0.16176470588235292,Yes
RoomNumber68,2,"['CourseNumber49']",28,8,6,5,9,0.2857142857142857,0.21428571428571427,0.17857142857142858,0.32142857142857145,0.07142857142857145,Yes
RoomNumber93,1,"['CourseNumber99']",21,7,6,7,1,0.3333333333333333,0.2857142857142857,0.3333333333333333,0.047619047619047616,0.08333333333333331,Yes
RoomNumber68,1,"['CourseNumber71']",10,1,1,3,5,0.1,0.1,0.3,0.5,0.25,Yes
RoomNumber108,8,"['CourseNumber196']",14,5,3,3,3,0.35714285714285715,0.21428571428571427,0.21428571428571427,0.21428571428571427,0.10714285714285715,Yes
RoomNumber5,7,"['CourseNumber61']",24,7,7,4,6,0.2916666666666667,0.2916666666666667,0.16666666666666666,0.25,0.041666666666666685,Yes
RoomNumber110,8,"['CourseNumber211']",6,1,3,0,2,0.16666666666666666,0.5,0.0,0.3333333333333333,0.25,Yes
RoomNumber53,3,"['CourseNumber86', 'CourseNumber242']",18,5,5,6,2,0.2777777777777778,0.2777777777777778,0.3333333333333333,0.1111111111111111,0.08333333333333331,Yes
RoomNumber110,2,"['CourseNumber211']",4,1,0,2,1,0.25,0.0,0.5,0.25,0.25,Yes
RoomNumber24,3,"['CourseNumber17']",14,1,3,5,5,0.07142857142857142,0.21428571428571427,0.35714285714285715,0.35714285714285715,0.10714285714285715,Yes
RoomNumber60,3,"['CourseNumber57']",21,5,7,5,4,0.23809523809523808,0.3333333333333333,0.23809523809523808,0.19047619047619047,0.08333333333333331,Yes
RoomNumber47,4,"['CourseNumber104']",23,6,5,4,8,0.2608695652173913,0.21739130434782608,0.17391304347826086,0.34782608695652173,0.09782608695652173,Yes
RoomNumber19,3,"['CourseNumber145']",14,4,3,3,4,0.2857142857142857,0.21428571428571427,0.21428571428571427,0.2857142857142857,0.0357142857142857,Yes
RoomNumber101,4,"['CourseNumber214']",24,4,6,6,8,0.16666666666666666,0.25,0.25,0.3333333333333333,0.08333333333333331,Yes
RoomNumber31,2,"['CourseNumber8']",16,5,6,3,2,0.3125,0.375,0.1875,0.125,0.125,Yes
RoomNumber71,4,"['CourseNumber75']",23,7,7,5,4,0.30434782608695654,0.30434782608695654,0.21739130434782608,0.17391304347826086,0.05434782608695654,Yes
RoomNumber68,4,"['CourseNumber49']",27,11,4,5,7,0.4074074074074074,0.14814814814814814,0.18518518518518517,0.25925925925925924,0.15740740740740738,No
RoomNumber12,6,"['CourseNumber150']",18,3,2,7,6,0.16666666666666666,0.1111111111111111,0.3888888888888889,0.3333333333333333,0.1388888888888889,Yes
RoomNumber75,7,"['CourseNumber167', 'CourseNumber199']",8,1,4,1,2,0.125,0.5,0.125,0.25,0.25,Yes
RoomNumber39,6,"['CourseNumber32']",11,2,3,3,3,0.18181818181818182,0.2727272727272727,0.2727272727272727,0.2727272727272727,0.022727272727272707,Yes
RoomNumber106,7,"['CourseNumber171']",24,5,9,6,4,0.20833333333333334,0.375,0.25,0.16666666666666666,0.125,Yes
RoomNumber33,2,"['CourseNumber112']",22,7,9,3,3,0.3181818181818182,0.4090909090909091,0.13636363636363635,0.13636363636363635,0.15909090909090912,No
RoomNumber16,6,"['CourseNumber40']",25,11,2,4,8,0.44,0.08,0.16,0.32,0.19,No
RoomNumber102,8,"['CourseNumber131']",11,2,0,5,4,0.18181818181818182,0.0,0.45454545454545453,0.36363636363636365,0.20454545454545453,Yes
RoomNumber52,3,"['CourseNumber119']",11,4,4,2,1,0.36363636363636365,0.36363636363636365,0.18181818181818182,0.09090909090909091,0.11363636363636365,Yes
RoomNumber11,8,"['CourseNumber61']",26,3,7,6,10,0.11538461538461539,0.2692307692307692,0.23076923076923078,0.38461538461538464,0.13461538461538464,No
RoomNumber80,4,"['CourseNumber85', 'CourseNumber236']",21,3,6,5,7,0.14285714285714285,0.2857142857142857,0.23809523809523808,0.3333333333333333,0.08333333333333331,Yes
RoomNumber4,1,"['CourseNumber43']",20,4,3,9,4,0.2,0.15,0.45,0.2,0.2,Yes
RoomNumber66,6,"['CourseNumber70', 'CourseNumber205', 'CourseNumber244']",15,2,5,4,4,0.13333333333333333,0.3333333333333333,0.26666666666666666,0.26666666666666666,0.08333333333333331,Yes
RoomNumber94,6,"['CourseNumber109']",14,4,4,2,4,0.2857142857142857,0.2857142857142857,0.14285714285714285,0.2857142857142857,0.0357142857142857,Yes
RoomNumber103,6,"['CourseNumber127']",6,1,2,2,1,0.16666666666666666,0.3333333333333333,0.3333333333333333,0.16666666666666666,0.08333333333333331,Yes
RoomNumber74,5,"['CourseNumber220']",15,1,5,7,2,0.06666666666666667,0.3333333333333333,0.4666666666666667,0.13333333333333333,0.21666666666666667,Yes
RoomNumber61,6,"['CourseNumber27']",29,9,11,7,2,0.3103448275862069,0.3793103448275862,0.2413793103448276,0.06896551724137931,0.1293103448275862,No
RoomNumber110,4,"['CourseNumber211']",4,0,2,0,2,0.0,0.5,0.0,0.5,0.25,Yes
RoomNumber92,8,"['CourseNumber148']",10,2,3,3,2,0.2,0.3,0.3,0.2,0.04999999999999999,Yes
RoomNumber92,5,"['CourseNumber149']",10,2,3,3,2,0.2,0.3,0.3,0.2,0.04999999999999999,Yes
RoomNumber37,1,"['CourseNumber187']",18,2,5,7,4,0.1111111111111111,0.2777777777777778,0.3888888888888889,0.2222222222222222,0.1388888888888889,Yes
RoomNumber105,5,"['CourseNumber223']",6,1,1,2,2,0.16666666666666666,0.16666666666666666,0.3333333333333333,0.3333333333333333,0.08333333333333331,Yes
RoomNumber98,3,"['CourseNumber225']",9,2,4,1,2,0.2222222222222222,0.4444444444444444,0.1111111111111111,0.2222222222222222,0.19444444444444442,Yes
RoomNumber110,7,"['CourseNumber211']",2,0,0,2,0,0.0,0.0,1.0,0.0,0.75,Yes
RoomNumber27,7,"['CourseNumber10']",27,7,7,8,5,0.25925925925925924,0.25925925925925924,0.2962962962962963,0.18518518518518517,0.04629629629629628,Yes
RoomNumber69,8,"['CourseNumber47']",30,8,14,6,2,0.26666666666666666,0.4666666666666667,0.2,0.06666666666666667,0.21666666666666667,No
RoomNumber29,7,"['CourseNumber97']",28,4,8,6,10,0.14285714285714285,0.2857142857142857,0.21428571428571427,0.35714285714285715,0.10714285714285715,No
RoomNumber66,2,"['CourseNumber70', 'CourseNumber244']",21,6,6,4,5,0.2857142857142857,0.2857142857142857,0.19047619047619047,0.23809523809523808,0.0357142857142857,Yes
RoomNumber82,1,"['CourseNumber227', 'CourseNumber232']",16,7,4,2,3,0.4375,0.25,0.125,0.1875,0.1875,Yes
RoomNumber32,1,"['CourseNumber124']",29,8,7,7,7,0.27586206896551724,0.2413793103448276,0.2413793103448276,0.2413793103448276,0.025862068965517238,Yes
RoomNumber74,2,"['CourseNumber228']",8,1,2,3,2,0.125,0.25,0.375,0.25,0.125,Yes
RoomNumber40,3,"['CourseNumber34']",24,9,4,5,6,0.375,0.16666666666666666,0.20833333333333334,0.25,0.125,Yes
RoomNumber102,4,"['CourseNumber61', 'CourseNumber245']",26,2,9,8,7,0.07692307692307693,0.34615384615384615,0.3076923076923077,0.2692307692307692,0.09615384615384615,Yes
RoomNumber44,6,"['CourseNumber41']",13,3,4,3,3,0.23076923076923078,0.3076923076923077,0.23076923076923078,0.23076923076923078,0.05769230769230771,Yes
RoomNumber19,2,"['CourseNumber145']",14,2,3,3,6,0.14285714285714285,0.21428571428571427,0.21428571428571427,0.42857142857142855,0.17857142857142855,Yes
RoomNumber8,6,"['CourseNumber229']",7,2,2,1,2,0.2857142857142857,0.2857142857142857,0.14285714285714285,0.2857142857142857,0.0357142857142857,Yes
RoomNumber110,5,"['CourseNumber211']",3,1,1,1,0,0.3333333333333333,0.3333333333333333,0.3333333333333333,0.0,0.08333333333333331,Yes
RoomNumber53,7,"['CourseNumber38']",21,3,7,7,4,0.14285714285714285,0.3333333333333333,0.3333333333333333,0.19047619047619047,0.08333333333333331,Yes
RoomNumber62,5,"['CourseNumber234']",11,0,4,3,4,0.0,0.36363636363636365,0.2727272727272727,0.36363636363636365,0.11363636363636365,Yes
RoomNumber21,4,"['CourseNumber89']",3,1,0,0,2,0.3333333333333333,0.0,0.0,0.6666666666666666,0.41666666666666663,Yes
RoomNumber60,5,"['CourseNumber133']",9,3,2,3,1,0.3333333333333333,0.2222222222222222,0.3333333333333333,0.1111111111111111,0.08333333333333331,Yes
RoomNumber77,1,"['CourseNumber84']",1,0,0,1,0,0.0,0.0,1.0,0.0,0.75,Yes
RoomNumber109,8,"['CourseNumber235']",3,0,1,2,0,0.0,0.3333333333333333,0.6666666666666666,0.0,0.41666666666666663,Yes
RoomNumber95,2,"['CourseNumber188']",12,5,3,4,0,0.4166666666666667,0.25,0.3333333333333333,0.0,0.16666666666666669,Yes
RoomNumber105,1,"['CourseNumber167']",4,1,0,1,2,0.25,0.0,0.25,0.5,0.25,Yes
RoomNumber109,4,"['CourseNumber237']",4,2,0,1,1,0.5,0.0,0.25,0.25,0.25,Yes
RoomNumber14,2,"['CourseNumber238']",12,4,4,4,0,0.3333333333333333,0.3333333333333333,0.3333333333333333,0.0,0.08333333333333331,Yes
RoomNumber90,3,"['CourseNumber102']",5,2,0,2,1,0.4,0.0,0.4,0.2,0.15000000000000002,Yes
RoomNumber110,6,"['CourseNumber211']",2,0,0,1,1,0.0,0.0,0.5,0.5,0.25,Yes
RoomNumber110,3,"['CourseNumber211']",2,0,1,0,1,0.0,0.5,0.0,0.5,0.25,Yes
RoomNumber110,1,"['CourseNumber211']",1,0,1,0,0,0.0,1.0,0.0,0.0,0.75,Yes
RoomNumber90,6,"['CourseNumber102']",2,1,1,0,0,0.5,0.5,0.0,0.0,0.25,Yes
